combo,projects
Jinko Solar Co Ltd | GoodWe Technologies Co Ltd | nan,3796
Jinko Solar Co Ltd | Sungrow Power Supply Co Ltd | nan,3457
JA Solar Technology Co Ltd | GoodWe Technologies Co Ltd | nan,3441
Shanghai JA Solar Technology Co Ltd | GoodWe Technologies Co Ltd | nan,2752
Risen Energy Co Ltd | GoodWe Technologies Co Ltd | nan,2194
LONGi Green Energy Technology Co Ltd | GoodWe Technologies Co Ltd | nan,2087
AE Solar GmbH | Sungrow Power Supply Co Ltd | nan,1813
AE SOLAR GmbH | Sungrow Power Supply Co Ltd | nan,1743
CSI Solar Co Ltd | Sungrow Power Supply Co Ltd | nan,1611
LONGi Green Energy Technology Co Ltd | Sungrow Power Supply Co Ltd | nan,1386
CSI Solar Co Ltd | GoodWe Technologies Co Ltd | nan,1269
Risen Energy Co Ltd | Sungrow Power Supply Co Ltd | nan,1081
DAS SOLAR CO LTD | FOXESS Co Ltd | nan,1032
Jinko Solar Co Ltd | Fronius Australia Pty Ltd | nan,945
Shanghai JA Solar Technology Co Ltd | Sungrow Power Supply Co Ltd | nan,686
Risen Energy Co Ltd | Guangzhou Sanjing Electric Co Ltd | nan,667
Jinko Solar Co Ltd | Shenzhen Growatt New Energy Co Ltd | nan,666
JA Solar Technology Co Ltd | Sungrow Power Supply Co Ltd | nan,625
Trina Solar Co Ltd | Sungrow Power Supply Co Ltd | nan,623
Wuxi Suntech Power Co Ltd | Guangzhou Sanjing Electric Co Ltd | nan,581
DAS SOLAR CO LTD | Guangzhou Sanjing Electric Co Ltd | nan,565
Tongwei Co Ltd | GoodWe Technologies Co Ltd | nan,523
Changzhou EGing Photovoltaic Technology Co Ltd | GoodWe Technologies Co Ltd | nan,483
Wuxi Suntech Power Co Ltd | GoodWe Technologies Co Ltd | nan,468
Risen Energy Co Ltd | Shenzhen Growatt New Energy Co Ltd | nan,434
Changzhou EGing Photovoltaic Technology Co Ltd | Guangzhou Sanjing Electric Co Ltd | nan,421
Trina Solar Co Ltd | GoodWe Technologies Co Ltd | nan,418
Jinko Solar Co Ltd | SolarEdge Technologies Ltd | nan,414
Risen Energy Co Ltd | Alpha ESS Co Ltd | Alpha ESS Co Ltd,413
Jinko Solar Co Ltd | Sungrow Power Supply Co Ltd | Sungrow Power Supply Co Ltd,396
DAS SOLAR CO LTD | GoodWe Technologies Co Ltd | nan,388
Jinko Solar Co Ltd | Shanghai SIGEN New Energy Technology Co Ltd | Shanghai SIGEN New Energy Technology Co Ltd,317
JA Solar Technology Co Ltd | Alpha ESS Co Ltd | Alpha ESS Co Ltd,314
Jinko Solar Co Ltd | FOXESS Co Ltd | nan,291
Jinko Solar Co Ltd | Ginlong Technologies Co Ltd | nan,267
REC Solar Pte Ltd | SolarEdge Technologies Ltd | nan,258
Changzhou EGing Photovoltaic Technology Co Ltd | Shenzhen Growatt New Energy Co Ltd | nan,257
DAS SOLAR CO LTD | SolaX Power Network Technology (Zhe jiang) Co Ltd | nan,240
Risen Energy Co Ltd | Fronius Australia Pty Ltd | nan,239
CSI Solar Co Ltd | Alpha ESS Co Ltd | Alpha ESS Co Ltd,239
Trina Solar Co Ltd | Fronius Australia Pty Ltd | nan,236
Tongwei Solar (Hefei) Co Ltd | GoodWe Technologies Co Ltd | nan,229
Hanwha Q CELLS Australia pty ltd | GoodWe Technologies Co Ltd | nan,226
LONGi Green Energy Technology Co Ltd | SolaX Power Network Technology (Zhe jiang) Co Ltd | nan,226
Jinko Solar Co Ltd | Sungrow Power Supply Co Ltd | SUNGROW AUSTRALIA GROUP PTY LTD,219
Shanghai JA Solar Technology Co Ltd | Guangzhou Sanjing Electric Co Ltd | nan,213
Jinko Solar Co Ltd | Alpha ESS Co Ltd | Alpha ESS Co Ltd,209
CSI Solar Co Ltd | FOXESS Co Ltd | nan,206
JA Solar Technology Co Ltd | Guangzhou Sanjing Electric Co Ltd | nan,200
Jinko Solar Co Ltd | SolaX Power Network Technology (Zhe jiang) Co Ltd | nan,184
LONGi Green Energy Technology Co Ltd | Sungrow Power Supply Co Ltd | Sungrow Power Supply Co Ltd,173
JA Solar Technology Co Ltd | Sungrow Power Supply Co Ltd | Sungrow Power Supply Co Ltd,171
CSI Solar Co Ltd | Fronius Australia Pty Ltd | nan,169
JiangSu Seraphim Solar System Co Ltd | Shenzhen Growatt New Energy Co Ltd | nan,168
Jinko Solar Co Ltd | Huawei Technologies Co Ltd | nan,167
LONGi Green Energy Technology Co Ltd | Huawei Technologies Co Ltd | nan,160
AE SOLAR GmbH | Anker Innovations Limited | Anker Innovations Limited,158
Tongwei Solar (Hefei) Co Ltd | Ginlong Technologies Co Ltd | nan,153
LONGi Green Energy Technology Co Ltd | Solax Power Network Technology (Zhe jiang) Co Ltd | nan,144
LONGi Green Energy Technology Co Ltd | Ginlong Technologies Co Ltd | nan,144
Risen Energy Co Ltd | Ginlong Technologies Co Ltd | nan,143
LONGi Green Energy Technology Co Ltd | Fronius Australia Pty Ltd | nan,143
Phono Solar Technology Co Ltd | GoodWe Technologies Co Ltd | nan,139
Hanwha Q CELLS Australia pty ltd | Guangzhou Sanjing Electric Co Ltd | nan,138
Risen Energy Co Ltd | Shanghai SIGEN New Energy Technology Co Ltd | Shanghai SIGEN New Energy Technology Co Ltd,138
Shanghai Aerospace Automobile Electromechanical Co Ltd | Shenzhen Growatt New Energy Co Ltd | nan,135
Tongwei Solar (Hefei) Co Ltd | Shenzhen Growatt New Energy Co Ltd | nan,127
Jinko Solar Co Ltd | Guangzhou Sanjing Electric Co Ltd | nan,125
Shenzhen Aiko Digital Energy Technology Co Ltd | GoodWe Technologies Co Ltd | nan,124
CSI Solar Co Ltd | Ginlong Technologies Co Ltd | nan,116
DAS SOLAR CO LTD | Sungrow Power Supply Co Ltd | nan,115
DAS SOLAR CO LTD | Solax Power Network Technology (Zhe jiang) Co Ltd | nan,114
AE SOLAR GmbH | Sungrow Power Supply Co Ltd | Sungrow Power Supply Co Ltd,113
CSI Solar Co Ltd | Sungrow Power Supply Co Ltd | Sungrow Power Supply Co Ltd,109
Hengdian Group DMEGC Magnetics Co Ltd | Shenzhen Growatt New Energy Co Ltd | nan,109
Jinko Solar Co Ltd | Enphase Energy Inc | nan,107
Jinko Solar Co Ltd | iStore (QLD) Pty Ltd | nan,103
LONGi Green Energy Technology Co Ltd | SolaX Power Network Technology (Zhe jiang) Co Ltd | SolaX Power Network Technology (Zhe jiang) Co Ltd,101
JiangSu Seraphim Solar System Co Ltd | GoodWe Technologies Co Ltd | nan,99
Zhejiang Aiko Solar Technology Co Ltd | GoodWe Technologies Co Ltd | nan,99
Tongwei Co Ltd | Sungrow Power Supply Co Ltd | nan,97
Wuxi Suntech Power Co Ltd | Shenzhen Growatt New Energy Co Ltd | nan,95
Jinko Solar Co Ltd | GoodWe Technologies Co Ltd | GoodWe Technologies Co Ltd,92
Wuxi Suntech Power Co Ltd | Guangzhou Sanjing Electric Co Ltd | Guangzhou Sanjing Electric Co Ltd,91
JA Solar Technology Co Ltd | Ginlong Technologies Co Ltd | nan,89
Changzhou EGing Photovoltaic Technology Co Ltd | Ginlong Technologies Co Ltd | nan,89
Tongwei Co Ltd | Shenzhen Growatt New Energy Co Ltd | nan,87
DAS SOLAR CO LTD | Guangzhou Sanjing Electric Co Ltd | Guangzhou Sanjing Electric Co Ltd,86
AE SOLAR GmbH | GoodWe Technologies Co Ltd | nan,86
Maxeon Solar Technologies Ltd | GoodWe Technologies Co Ltd | nan,84
REC Solar Pte Ltd | Fronius Australia Pty Ltd | nan,84
DAS SOLAR CO LTD | FOXESS CO LTD | nan,83
Tongwei Co Ltd | Guangzhou Sanjing Electric Co Ltd | nan,81
Shenzhen Aiko Digital Energy Technology Co Ltd | Sungrow Power Supply Co Ltd | nan,81
Risen Energy Co Ltd | Huawei Technologies Co Ltd | nan,81
LONGi Green Energy Technology Co Ltd | SolaX Power Network Technology Zhejiang Co Ltd | nan,80
Seraphim Solar System Co Ltd | GoodWe Technologies Co Ltd | nan,80
LONGi Green Energy Technology Co Ltd | Alpha ESS Co Ltd | Alpha ESS Co Ltd,79
JA Solar Technology Co Ltd | Guangzhou Sanjing Electric Co Ltd | Guangzhou Sanjing Electric Co Ltd,78
JiangSu Seraphim Solar System Co Ltd | SolaX Power Network Technology (Zhe jiang) Co Ltd | nan,78
JiangSu Seraphim Solar System Co Ltd | Solax Power Network Technology (Zhe jiang) Co Ltd | nan,77
Jinko Solar Co Ltd | Shanghai SIGEN New Energy Technology Co Ltd | nan,76
Zhejiang Aiko Solar Technology Co Ltd | Shanghai SIGEN New Energy Technology Co Ltd | Shanghai SIGEN New Energy Technology Co Ltd,74
Tongwei Solar (Hefei) Co Ltd | Sungrow Power Supply Co Ltd | nan,73
EEMU Pty Ltd T/A Ausgem Energy | Shenzhen Growatt New Energy Co Ltd | nan,72
Shanghai JA Solar Technology Co Ltd | Alpha ESS Co Ltd | Alpha ESS Co Ltd,70
Jinko Solar Co Ltd | Tesla Inc | Tesla Inc,69
Zhejiang Aiko Solar Technology Co Ltd | Sungrow Power Supply Co Ltd | nan,67
Trina Solar Co Ltd | SolarEdge Technologies Ltd | nan,66
Tongwei Co Ltd | Ginlong Technologies Co Ltd | nan,66
Jinko Solar Co Ltd | SMA Australia Pty Ltd | nan,64
LONGi Green Energy Technology Co Ltd | SolarEdge Technologies Ltd | nan,64
REC Solar Pte Ltd | Shanghai SIGEN New Energy Technology Co Ltd | nan,63
Changzhou EGing Photovoltaic Technology Co Ltd | Guangzhou Sanjing Electric Co Ltd | Guangzhou Sanjing Electric Co Ltd,63
LONGi Green Energy Technology Co Ltd | Guangzhou Sanjing Electric Co Ltd | nan,62
Trina Solar Co Ltd | Sungrow Power Supply Co Ltd | Sungrow Power Supply Co Ltd,61
Suzhou Akcome Optronics Science & Technology Co Ltd | SolaX Power Network Technology (Zhe jiang) Co Ltd | nan,61
Wuxi Suntech Power Co Ltd | Fronius Australia Pty Ltd | nan,61
REC Solar Pte Ltd | Sungrow Power Supply Co Ltd | nan,61
Risen Energy Co Ltd | Sungrow Power Supply Co Ltd | Sungrow Power Supply Co Ltd,61
Changzhou EGing Photovoltaic Technology Co Ltd | Sungrow Power Supply Co Ltd | nan,60
JA Solar Technology Co Ltd | SolarEdge Technologies Ltd | nan,60
JA Solar Technology Co Ltd | GoodWe Technologies Co Ltd | GoodWe Technologies Co Ltd,59
JA Solar Technology Co Ltd | Fronius Australia Pty Ltd | nan,58
LONGi Green Energy Technology Co Ltd | Shenzhen Growatt New Energy Co Ltd | nan,57
LONGi Green Energy Technology Co Ltd | Anker Innovations Limited | Anker Innovations Limited,57
JA Solar Technology Co Ltd | Tesla Inc | Tesla Inc,57
Suzhou Akcome Optronics Science & Technology Co Ltd | Shenzhen SOFARSOLAR Co Ltd | nan,56
DAS SOLAR CO LTD | SolarEdge Technologies Ltd | nan,55
AXITEC Energy GmbH & Co KG | Guangzhou Sanjing Electric Co Ltd | nan,55
Shanghai JA Solar Technology Co Ltd | Sungrow Power Supply Co Ltd | SUNGROW AUSTRALIA GROUP PTY LTD,55
CSI Solar Co Ltd | SolaX Power Network Technology (Zhe jiang) Co Ltd | nan,55
LONGi Green Energy Technology Co Ltd | Shanghai SIGEN New Energy Technology Co Ltd | Shanghai SIGEN New Energy Technology Co Ltd,55
Jolywood (Taizhou) Solar Technology Co Ltd | GoodWe Technologies Co Ltd | nan,54
Jinko Solar Co Ltd | Guangzhou Sanjing Electric Co Ltd | Guangzhou Sanjing Electric Co Ltd,54
Phono Solar Technology Co Ltd | Sungrow Power Supply Co Ltd | nan,53
DAS SOLAR CO LTD | AISWEI Technology (Shanghai) Co Ltd | nan,51
Shenzhen Aiko Digital Energy Technology Co Ltd | Fronius Australia Pty Ltd | nan,51
Shanghai JA Solar Technology Co Ltd | Fronius Australia Pty Ltd | nan,51
Wuxi Suntech Power Co Ltd | SolarEdge Technologies Ltd | nan,50
AE SOLAR GmbH | Guangzhou Sanjing Electric Co Ltd | nan,50
Changzhou EGing Photovoltaic Technology Co Ltd | Alpha ESS Co Ltd | Alpha ESS Co Ltd,50
Risen Energy Co Ltd | iStore (QLD) Pty Ltd | nan,48
Hengdian Group DMEGC Magnetics Co Ltd | Guangzhou Sanjing Electric Co Ltd | nan,45
LONGi Green Energy Technology Co Ltd | Sungrow Power Supply Co Ltd | SUNGROW AUSTRALIA GROUP PTY LTD,44
Jinko Solar Co Ltd | Shenzhen Growatt New Energy Co Ltd | Shenzhen Growatt New Energy Co Ltd,44
JA Solar Technology Co Ltd | Shanghai SIGEN New Energy Technology Co Ltd | Shanghai SIGEN New Energy Technology Co Ltd,44
Hanwha Q CELLS Australia pty ltd | Fronius Australia Pty Ltd | nan,43
Risen Energy Co Ltd | Guangzhou Sanjing Electric Co Ltd | Guangzhou Sanjing Electric Co Ltd,41
Tongwei Solar (Hefei) Co Ltd | Guangzhou Sanjing Electric Co Ltd | nan,41
Shanghai JA Solar Technology Co Ltd | Shenzhen Growatt New Energy Co Ltd | nan,41
Jinko Solar Co Ltd | Solax Power Network Technology (Zhe jiang) Co Ltd | nan,41
CSI Solar Co Ltd | Sungrow Power Supply Co Ltd | SUNGROW AUSTRALIA GROUP PTY LTD,41
Risen Energy Co Ltd | Sungrow Power Supply Co Ltd | SUNGROW AUSTRALIA GROUP PTY LTD,41
DAS SOLAR CO LTD | Shenzhen SOFARSOLAR Co Ltd | nan,39
Jinko Solar Co Ltd | SolaX Power Network Technology Zhejiang Co Ltd | nan,39
Jinko Solar Co Ltd | Fronius Australia Pty Ltd | Shenzhen BYD Electronics Co Ltd,39
Maxeon Solar Technologies Ltd | Maxeon Solar Technologies Ltd | Maxeon Solar Technologies Ltd,38
Seraphim Solar System Co Ltd | Shenzhen Growatt New Energy Co Ltd | nan,38
Jinko Solar Co Ltd | SolarEdge Technologies Ltd | SolarEdge Technologies Ltd,38
JiangSu Seraphim Solar System Co Ltd | Sungrow Power Supply Co Ltd | nan,38
Jinko Solar Co Ltd | Jinko Solar Co Ltd | Jinko Solar Co Ltd,37
Shanghai Aerospace Automobile Electromechanical Co Ltd | GoodWe Technologies Co Ltd | nan,37
CSI Solar Co Ltd | Solax Power Network Technology (Zhe jiang) Co Ltd | nan,37
LONGi Green Energy Technology Co Ltd | Tesla Inc | Tesla Inc,36
Shanghai JA Solar Technology Co Ltd | Ginlong Technologies Co Ltd | nan,36
Shanghai JA Solar Technology Co Ltd | Sungrow Power Supply Co Ltd | Sungrow Power Supply Co Ltd,36
Risen Energy Co Ltd | SolarEdge Technologies Ltd | nan,35
LONGi Green Energy Technology Co Ltd | Suzhou Bytewatt Technology Co Ltd | Suzhou Bytewatt Technology Co Ltd,35
Wuxi Suntech Power Co Ltd | Shenzhen SOFARSOLAR Co Ltd | nan,35
Suzhou Akcome Optronics Science & Technology Co Ltd | GoodWe Technologies Co Ltd | nan,35
Hengdian Group DMEGC Magnetics Co Ltd | GoodWe Technologies Co Ltd | nan,35
JA Solar Technology Co Ltd | Shenzhen Growatt New Energy Co Ltd | nan,34
Shenzhen Aiko Digital Energy Technology Co Ltd | SolarEdge Technologies Ltd | nan,34
Wuxi Suntech Power Co Ltd | Sungrow Power Supply Co Ltd | nan,34
Tongwei Solar (Hefei) Co Ltd | SolaX Power Network Technology (Zhe jiang) Co Ltd | nan,33
DAS SOLAR CO LTD | GoodWe Technologies Co Ltd | GoodWe Technologies Co Ltd,33
Zhejiang Aiko Solar Technology Co Ltd | Sungrow Power Supply Co Ltd | Sungrow Power Supply Co Ltd,33
Suzhou Akcome Optronics Science & Technology Co Ltd | Shenzhen Growatt New Energy Co Ltd | nan,32
Chint New Energy Technology Co Ltd | Sungrow Power Supply Co Ltd | nan,32
Sharp Solar Solution Asia Co Ltd | Fronius Australia Pty Ltd | nan,32
Shenzhen Aiko Digital Energy Technology Co Ltd | Shanghai SIGEN New Energy Technology Co Ltd | Shanghai SIGEN New Energy Technology Co Ltd,32
JiangSu Seraphim Solar System Co Ltd | SolaX Power Network Technology Zhejiang Co Ltd | nan,31
Tongwei Solar (Hefei) Co Ltd | Huawei Technologies Co Ltd | nan,31
Risen Energy Co Ltd | GoodWe Technologies Co Ltd | GoodWe Technologies Co Ltd,31
ZNSHINE PV-TECH Co Ltd | Shenzhen Growatt New Energy Co Ltd | nan,29
Trina Solar Co Ltd | Sungrow Power Supply Co Ltd | SUNGROW AUSTRALIA GROUP PTY LTD,28
Maxeon Solar Technologies Ltd | Fronius Australia Pty Ltd | nan,28
Jinko Solar Co Ltd | SMA AUSTRALIA PTY LTD | nan,28
LONGi Green Energy Technology Co Ltd | SolaX Power Network Technology (Zhejiang) Co Ltd | SolaX Power Network Technology (Zhe jiang) Co Ltd,27
DAS SOLAR CO LTD | Fronius Australia Pty Ltd | nan,26
Trina Solar Co Ltd | Enphase Energy Inc | nan,26
DAS SOLAR CO LTD | Ginlong Technologies Co Ltd | nan,26
JiangSu Seraphim Solar System Co Ltd | SolaX Power Network Technology (Zhe jiang) Co Ltd | SolaX Power Network Technology (Zhe jiang) Co Ltd,26
AXITEC Energy GmbH & Co KG | SolaX Power Network Technology (Zhe jiang) Co Ltd | nan,26
Tongwei Co Ltd | Fronius Australia Pty Ltd | nan,26
CSI Solar Co Ltd | Shanghai SIGEN New Energy Technology Co Ltd | Shanghai SIGEN New Energy Technology Co Ltd,26
Trina Solar Co Ltd | Shenzhen Growatt New Energy Co Ltd | nan,26
CSI Solar Co Ltd | FOXESS CO LTD | nan,26
DAS SOLAR CO LTD | Alpha ESS Co Ltd | Alpha ESS Co Ltd,26
Maxeon Solar Technologies Ltd | GoodWe Technologies Co Ltd | Maxeon Solar Technologies Ltd,25
Jinko Solar Co Ltd | FOXESS CO LTD | nan,25
Sharp Solar Solution Asia Co Ltd | GoodWe Technologies Co Ltd | nan,25
CSI Solar Co Ltd | Tesla Inc | Tesla Inc,24
CSI Solar Co Ltd | iStore (QLD) Pty Ltd | nan,24
Seraphim Solar System Co Ltd | SolaX Power Network Technology (Zhe jiang) Co Ltd | nan,24
LONGi Green Energy Technology Co Ltd | Anker innovations Limited | Anker Innovations Limited,24
REC Solar Pte Ltd | GoodWe Technologies Co Ltd | nan,24
Tongwei Solar (Hefei) Co Ltd | Each Energy Technology (Suzhou) Co Ltd | nan,23
Chint New Energy Technology Co Ltd | GoodWe Technologies Co Ltd | nan,23
Leapton Solar Changshu Co Ltd | Shenzhen Growatt New Energy Co Ltd | nan,23
Tongwei Co Ltd | Sungrow Power Supply Co Ltd | Sungrow Power Supply Co Ltd,23
Ningbo Ulica Solar Co Ltd | Shenzhen SOFARSOLAR Co Ltd | nan,23
Shanghai JA Solar Technology Co Ltd | SolarEdge Technologies Ltd | nan,23
Risen Energy Co Ltd | SolaX Power Network Technology (Zhe jiang) Co Ltd | nan,22
Risen Energy Co Ltd | SMA Australia Pty Ltd | nan,22
Seraphim Solar System Co Ltd | Sungrow Power Supply Co Ltd | nan,22
Trina Solar Co Ltd | Fronius Australia Pty Ltd | Shenzhen BYD Electronics Co Ltd,22
Tongwei Solar (Hefei) Co Ltd | Fronius Australia Pty Ltd | nan,22
Zhejiang Aiko Solar Technology Co Ltd | Fronius Australia Pty Ltd | nan,22
Phono Solar Technology Co Ltd | Solax Power Network Technology (Zhe jiang) Co Ltd | nan,22
Trina Solar Co Ltd | Shanghai SIGEN New Energy Technology Co Ltd | Shanghai SIGEN New Energy Technology Co Ltd,22
Zhejiang Aiko Solar Technology Co Ltd | Guangzhou Sanjing Electric Co Ltd | nan,22
Zhejiang Aiko Solar Technology Co Ltd | Shanghai SIGEN New Energy Technology Co Ltd | nan,22
Suzhou Akcome Optronics Science & Technology Co Ltd | SolaX Power Network Technology Zhejiang Co Ltd | nan,22
CSI Solar Co Ltd | Alpha ESS Co Ltd | nan,21
Jiangsu Runergy New Energy Technology Co Ltd | Shenzhen Growatt New Energy Co Ltd | nan,21
Risen Energy Co Ltd | Shanghai SIGEN New Energy Technology Co Ltd | nan,21
Trina Solar Co Ltd | Ginlong Technologies Co Ltd | nan,21
Hanwha Q CELLS Australia pty ltd | Sungrow Power Supply Co Ltd | nan,21
LONGi Green Energy Technology Co Ltd | GoodWe Technologies Co Ltd | GoodWe Technologies Co Ltd,20
Phono Solar Technology Co Ltd | Shenzhen SOFARSOLAR Co Ltd | nan,20
Phono Solar Technology Co Ltd | SolaX Power Network Technology (Zhe jiang) Co Ltd | nan,20
Wuxi Suntech Power Co Ltd | FOXESS Co Ltd | nan,20
Chint New Energy Technology Co Ltd | Shenzhen Growatt New Energy Co Ltd | nan,19
Trina Solar Co Ltd | Tesla Inc | Tesla Inc,19
Anhui Huasun Energy Co Ltd | GoodWe Technologies Co Ltd | nan,19
Shanghai JA Solar Technology Co Ltd | Enphase Energy Inc | nan,19
Risen Energy Co Ltd | SMA AUSTRALIA PTY LTD | nan,19
CSI Solar Co Ltd | SolarEdge Technologies Ltd | nan,19
CSI Solar Co Ltd | Anker Innovations Limited | Anker Innovations Limited,18
JA Solar Technology Co Ltd | iStore (QLD) Pty Ltd | nan,18
LONGi Green Energy Technology Co Ltd | Enphase Energy Inc | nan,18
Phono Solar Technology Co Ltd | Fronius Australia Pty Ltd | nan,18
CSI Solar Co Ltd | Guangzhou Sanjing Electric Co Ltd | nan,18
Jinko Solar Co Ltd | Shenzhen SOFARSOLAR Co Ltd | nan,18
Hanwha Q CELLS Australia pty ltd | SolarEdge Technologies Ltd | nan,17
LONGi Green Energy Technology Co Ltd | ESY Sunhome Co Ltd | ESY SUNHOME CO LTD,17
AE Solar GmbH | GoodWe Technologies Co Ltd | nan,17
Risen Energy Co Ltd | AISWEI Technology (Shanghai) Co Ltd | nan,17
HD Hyundai Energy Solutions CO LTD | GoodWe Technologies Co Ltd | nan,17
Seraphim Solar System Co Ltd | Guangzhou Sanjing Electric Co Ltd | nan,16
Changzhou EGing Photovoltaic Technology Co Ltd | AISWEI Technology (Shanghai) Co Ltd | nan,16
DAS SOLAR CO LTD | SolaX Power Network Technology Zhejiang Co Ltd | nan,16
JA Solar Technology Co Ltd | SMA AUSTRALIA PTY LTD | nan,16
SolarEdge Technologies Ltd | SolarEdge Technologies Ltd | nan,16
Shenzhen Aiko Digital Energy Technology Co Ltd | Tesla Inc | Tesla Inc,16
Suzhou Akcome Optronics Science & Technology Co Ltd | Sungrow Power Supply Co Ltd | nan,16
REC Solar Pte Ltd | Shanghai SIGEN New Energy Technology Co Ltd | Shanghai SIGEN New Energy Technology Co Ltd,16
AXITEC Energy GmbH & Co KG | Solax Power Network Technology (Zhe jiang) Co Ltd | nan,16
REC Solar Pte Ltd | Tesla Inc | Tesla Inc,16
Jinko Solar Co Ltd | Each Energy Technology (Suzhou) Co Ltd | nan,15
Jinneng Clean Energy Technology Ltd | GoodWe Technologies Co Ltd | nan,15
Shenzhen Aiko Digital Energy Technology Co Ltd | Shenzhen Growatt New Energy Co Ltd | nan,15
Zhejiang Sunpro Power Technology co Ltd | GoodWe Technologies Co Ltd | nan,15
Zhejiang Aiko Solar Technology Co Ltd | GoodWe Technologies Co Ltd | GoodWe Technologies Co Ltd,15
LONGi Green Energy Technology Co Ltd | iStore (QLD) Pty Ltd | nan,15
JiangSu Seraphim Solar System Co Ltd | Ginlong Technologies Co Ltd | nan,15
Wuxi Suntech Power Co Ltd | Sungrow Power Supply Co Ltd | SUNGROW AUSTRALIA GROUP PTY LTD,15
DAS SOLAR CO LTD | Shanghai SIGEN New Energy Technology Co Ltd | Shanghai SIGEN New Energy Technology Co Ltd,15
Risen Energy Co Ltd | Tesla Inc | Tesla Inc,15
Shanghai JA Solar Technology Co Ltd | SolaX Power Network Technology (Zhe jiang) Co Ltd | Solax Power Network Technology (Zhe jiang) Co Ltd,14
Changzhou EGing Photovoltaic Technology Co Ltd | SolarEdge Technologies Ltd | nan,14
AE SOLAR GmbH | Alpha ESS Co Ltd | Alpha ESS Co Ltd,14
Changzhou EGing Photovoltaic Technology Co Ltd | GoodWe Technologies Co Ltd | GoodWe Technologies Co Ltd,14
AE SOLAR GmbH | Delta Electronics Inc | nan,14
AXITEC Energy GmbH & Co KG | GoodWe Technologies Co Ltd | nan,14
Tongwei Solar (Hefei) Co Ltd | Alpha ESS Co Ltd | Alpha ESS Co Ltd,14
Shanghai JA Solar Technology Co Ltd | Shenzhen SOFARSOLAR Co Ltd | nan,14
JA Solar Technology Co Ltd | Sungrow Power Supply Co Ltd | SUNGROW AUSTRALIA GROUP PTY LTD,14
Zhejiang Sunpro Power Technology co Ltd | Shenzhen Growatt New Energy Co Ltd | Shenzhen Growatt New Energy Co Ltd,14
Zhejiang Aiko Solar Technology Co Ltd | SolarEdge Technologies Ltd | nan,14
Trina Solar Co Ltd | Huawei Technologies Co Ltd | nan,14
Jinko Solar Co Ltd | SolaX Power Network Technology (Zhe jiang) Co Ltd | SolaX Power Network Technology (Zhe jiang) Co Ltd,14
Win Win Precision Technology Co Ltd | Sungrow Power Supply Co Ltd | nan,14
JA Solar Technology Co Ltd | Huawei Technologies Co Ltd | nan,14
Zhejiang Aiko Solar Technology Co Ltd | Tesla Inc | Tesla Inc,13
Risen Energy Co Ltd | Ginlong Technologies Co Ltd | Daqin New Energy Tech (Taizhou) Co Ltd,13
CSI Solar Co Ltd | Shenzhen Growatt New Energy Co Ltd | nan,13
Shenzhen Aiko Digital Energy Technology Co Ltd | Sungrow Power Supply Co Ltd | Sungrow Power Supply Co Ltd,13
Tongwei Co Ltd | Alpha ESS Co Ltd | Alpha ESS Co Ltd,13
Trina Solar Co Ltd | SolaX Power Network Technology (Zhe jiang) Co Ltd | nan,13
LONGi Green Energy Technology Co Ltd | Shanghai SIGEN New Energy Technology Co Ltd | nan,13
Jinko Solar Co Ltd | Ginlong Technologies Co Ltd | DAQIN NEW ENERGY TECH (TAIZHOU) CO LTD,12
Ningbo Ulica Solar Co Ltd | Guangzhou Sanjing Electric Co Ltd | nan,12
Tongwei Co Ltd | SolaX Power Network Technology (Zhe jiang) Co Ltd | nan,12
Shenzhen Aiko Digital Energy Technology Co Ltd | Shanghai SIGEN New Energy Technology Co Ltd | nan,12
Tongwei Co Ltd | GoodWe Technologies Co Ltd | GoodWe Technologies Co Ltd,12
JA Solar Technology Co Ltd | Enphase Energy Inc | nan,12
Shanghai JA Solar Technology Co Ltd | Huawei Technologies Co Ltd | nan,12
LONGi Green Energy Technology Co Ltd | Guangzhou Sanjing Electric Co Ltd | Guangzhou Sanjing Electric Co Ltd,12
Changzhou EGing Photovoltaic Technology Co Ltd | SolaX Power Network Technology (Zhe jiang) Co Ltd | nan,12
Jinko Solar Co Ltd | Anker innovations Limited | Anker Innovations Limited,12
DAS SOLAR CO LTD | Sungrow Power Supply Co Ltd | Sungrow Power Supply Co Ltd,11
AE SOLAR GmbH | Dongguan Hinen New Energy Technology Co Ltd | Dongguan Hinen New Energy Technology Co Ltd,11
REC Solar Pte Ltd | SolarEdge Technologies Ltd | Tesla Inc,11
Tongwei Solar (Hefei) Co Ltd | SolaX Power Network Technology Zhejiang Co Ltd | nan,11
LONGi Green Energy Technology Co Ltd | GoodWe Technologies Co Ltd | SONNEN AUSTRALIA PTY LIMITED,11
Wuxi Suntech Power Co Ltd | Shanghai SIGEN New Energy Technology Co Ltd | Shanghai SIGEN New Energy Technology Co Ltd,11
Trina Solar Co Ltd | iStore (QLD) Pty Ltd | nan,11
JiangSu Seraphim Solar System Co Ltd | Alpha ESS Co Ltd | Alpha ESS Co Ltd,11
Risen Energy Co Ltd | SolaX Power Network Technology (Zhe jiang) Co Ltd | SolaX Power Network Technology (Zhe jiang) Co Ltd,11
Hanwha Q CELLS Australia pty ltd | Guangzhou Sanjing Electric Co Ltd | Guangzhou Sanjing Electric Co Ltd,11
Jinko Solar Co Ltd | Alpha ESS Co Ltd | nan,11
JA Solar Technology Co Ltd | Shenzhen SOFARSOLAR Co Ltd | nan,11
Risen Energy Co Ltd | Dongguan Hinen New Energy Technology Co Ltd | Dongguan Hinen New Energy Technology Co Ltd,11
REC Solar Pte Ltd | Enphase Energy Inc | nan,11
Ningbo Ulica Solar Co Ltd | GoodWe Technologies Co Ltd | nan,11
Shanghai JA Solar Technology Co Ltd | GoodWe Technologies Co Ltd | GoodWe Technologies Co Ltd,10
Jinko Solar Co Ltd | Anker Innovations Limited | Anker Innovations Limited,10
Jinko Solar Co Ltd | NingBo Deye Inverter Technology Co Ltd | Ningbo Deye Ess Technology Co Ltd,10
Risen Energy Co Ltd | Delta Electronics Inc | nan,10
JA Solar Technology Co Ltd | Alpha ESS Co Ltd | nan,10
Changzhou EGing Photovoltaic Technology Co Ltd | SolaX Power Network Technology Zhejiang Co Ltd | nan,10
Shanghai Aerospace Automobile Electromechanical Co Ltd | Sungrow Power Supply Co Ltd | nan,10
Wuxi Suntech Power Co Ltd | GoodWe Technologies Co Ltd | GoodWe Technologies Co Ltd,10
Jinko Solar Co Ltd | FOXESS CO LTD | FOXESS Co Ltd,10
Trina Solar Co Ltd | GoodWe Technologies Co Ltd | GoodWe Technologies Co Ltd,10
Changzhou EGing Photovoltaic Technology Co Ltd | Fronius Australia Pty Ltd | nan,10
Hyundai Energy Solutions Co Ltd | GoodWe Technologies Co Ltd | nan,10
Wuxi Suntech Power Co Ltd | SolaX Power Network Technology (Zhe jiang) Co Ltd | nan,10
DAH Solar Co Ltd | AISWEI Technology Co Ltd | nan,10
Shanghai JA Solar Technology Co Ltd | GoodWe Technologies Co Ltd | SONNEN AUSTRALIA PTY LIMITED,10
Leapton Solar Changshu Co Ltd | GoodWe Technologies Co Ltd | nan,9
Jinko Solar Co Ltd | Jiangsu Weiheng Intelligent Technology Co Ltd | Jiangsu Weiheng Intelligent Technology Co Ltd,9
Hyundai Energy Solutions Co Ltd | Fronius Australia Pty Ltd | nan,9
Hanersun Energy Co Ltd | FOXESS Co Ltd | nan,9
Changzhou EGing Photovoltaic Technology Co Ltd | Solax Power Network Technology (Zhe jiang) Co Ltd | nan,9
AE SOLAR GmbH | Guangzhou Sanjing Electric Co Ltd | Guangzhou Sanjing Electric Co Ltd,9
Tongwei Co Ltd | Each Energy Technology (Suzhou) Co Ltd | nan,9
JA Solar Technology Co Ltd | GoodWe Technologies Co Ltd | Alpha ESS Co Ltd,9
Zhejiang Sunpro Power Technology co Ltd | Shenzhen Growatt New Energy Co Ltd | nan,9
CSI Solar Co Ltd | SolaX Power Network Technology Zhejiang Co Ltd | nan,9
Hanwha Q CELLS Australia pty ltd | Alpha ESS Co Ltd | Alpha ESS Co Ltd,9
CSI Solar Co Ltd | Fronius Australia Pty Ltd | Shenzhen BYD Electronics Co Ltd,9
Win Win Precision Technology Co Ltd | Fronius Australia Pty Ltd | nan,9
DAS SOLAR CO LTD | FOXESS CO LTD | FOXESS Co Ltd,9
Jinko Solar Co Ltd | Empower Energy Pty Ltd | Empower Energy Pty Ltd,9
Wuxi Suntech Power Co Ltd | SolaX Power Network Technology Zhejiang Co Ltd | nan,9
Wuxi Suntech Power Co Ltd | Shanghai SIGEN New Energy Technology Co Ltd | nan,9
Hanwha Q CELLS Australia pty ltd | AISWEI Technology (Shanghai) Co Ltd | nan,8
Risen Energy Co Ltd | Alpha ESS Co Ltd | nan,8
Jiangsu Runergy New Energy Technology Co Ltd | SolaX Power Network Technology Zhejiang Co Ltd | nan,8
8 Star Energy Pty Ltd | Sungrow Power Supply Co Ltd | nan,8
DAH Solar Co Ltd | AISWEI Technology (Shanghai) Co Ltd | nan,8
CSI Solar Co Ltd | Enphase Energy Inc | nan,8
Zhejiang Aiko Solar Technology Co Ltd | ESY Sunhome Co Ltd | ESY SUNHOME CO LTD,8
Jiangsu Runergy New Energy Technology Co Ltd | Shenzhen SOFARSOLAR Co Ltd | Shenzhen SOFAR SOLAR Co Ltd,8
ZNSHINE PV-TECH CO LTD | Shenzhen Growatt New Energy Co Ltd | nan,8
LONGi Green Energy Technology Co Ltd | Suzhou Bytewatt Technology Co Ltd | nan,8
JiangSu Seraphim Solar System Co Ltd | Guangzhou Sanjing Electric Co Ltd | nan,8
Shanghai JA Solar Technology Co Ltd | Guangzhou Sanjing Electric Co Ltd | Guangzhou Sanjing Electric Co Ltd,8
Jinko Solar Co Ltd | GoodWe Technologies Co Ltd | Tesla Inc,8
JA Solar Technology Co Ltd | Tesla Inc | nan,8
Jinko Solar Co Ltd | Sungrow Power Supply Co Ltd | Sungrow,8
Jinko Solar Co Ltd | NingBo Deye Inverter Technology Co Ltd | nan,8
Jinko Solar Co Ltd | Jinko Solar Co Ltd | nan,8
Jinko Solar Co Ltd | Fronius Australia Pty Ltd | Tesla Inc,8
Hengdian Group DMEGC Magnetics CO LTD | Shenzhen Growatt New Energy Co Ltd | nan,8
Yingli Energy (China) Company Limited | Shenzhen Growatt New Energy Co Ltd | nan,8
Hanwha Q CELLS Australia pty ltd | Huawei Technologies Co Ltd | nan,8
Risen Energy Co Ltd | GoodWe Technologies Co Ltd | SONNEN AUSTRALIA PTY LIMITED,8
CSI Solar Co Ltd | GoodWe Technologies Co Ltd | GoodWe Technologies Co Ltd,7
LONGi Green Energy Technology Co Ltd | SolaX Power Network Technology Zhejiang Co Ltd | Solax Power Network Technology (Zhe jiang) Co Ltd,7
Trina Solar Co Ltd | Guangzhou Sanjing Electric Co Ltd | nan,7
Zhejiang Sunpro Power Technology co Ltd | AISWEI Technology (Shanghai) Co Ltd | nan,7
Shenzhen Aiko Digital Energy Technology Co Ltd | Enphase Energy Inc | nan,7
LONGi Green Energy Technology Co Ltd | Suzhou Hypontech Co Ltd | nan,7
Shanghai Aerospace Automobile Electromechanical Co Ltd | AISWEI Technology Co Ltd | nan,7
Win Win Precision Technology Co Ltd | Shanghai SIGEN New Energy Technology Co Ltd | Shanghai SIGEN New Energy Technology Co Ltd,7
Zhejiang Aiko Solar Technology Co Ltd | iStore (QLD) Pty Ltd | nan,7
Zhejiang Aiko Solar Technology Co Ltd | Alpha ESS Co Ltd | Alpha ESS Co Ltd,7
JA Solar Technology Co Ltd | SolarEdge Technologies Ltd | SolarEdge Technologies Ltd,7
EEMU Pty Ltd T/A Ausgem Energy | GoodWe Technologies Co Ltd | nan,7
JA Solar Technology Co Ltd | Ginlong Technologies Co Ltd | DAQIN NEW ENERGY TECH (TAIZHOU) CO LTD,7
Risen Energy Co Ltd | Ginlong Technologies Co Ltd | DAQIN NEW ENERGY TECH (TAIZHOU) CO LTD,7
Tongwei Co Ltd | Shanghai SIGEN New Energy Technology Co Ltd | Shanghai SIGEN New Energy Technology Co Ltd,7
Jinko Solar Co Ltd | Huawei Technologies Co Ltd | Huawei Technologies Co Ltd,7
AXITEC Energy GmbH & Co KG | Sungrow Power Supply Co Ltd | nan,7
Jinko Solar Co Ltd | ALTENERGY POWER SYSTEM INC | nan,7
Jolywood (Taizhou) Solar Technology Co Ltd | Sungrow Power Supply Co Ltd | nan,7
Wuxi Suntech Power Co Ltd | Solax Power Network Technology (Zhe jiang) Co Ltd | nan,7
JiangSu Seraphim Solar System Co Ltd | Shanghai SIGEN New Energy Technology Co Ltd | Shanghai SIGEN New Energy Technology Co Ltd,7
Zhejiang Aiko Solar Technology Co Ltd | Enphase Energy Inc | nan,7
EEMU Pty Ltd T/A Ausgem Energy | Sungrow Power Supply Co Ltd | nan,7
JA Solar Technology Co Ltd | LG Energy Solution Ltd | nan,7
Hanwha Q CELLS GmbH | Fronius Australia Pty Ltd | nan,7
Changzhou EGing Photovoltaic Technology Co Ltd | Sungrow Power Supply Co Ltd | Sungrow Power Supply Co Ltd,7
Tongwei Solar (Hefei) Co Ltd | Altenergy Power System Inc | nan,7
Hyundai Energy Solutions Co Ltd | SolaX Power Network Technology Zhejiang Co Ltd | nan,7
Jinko Solar Co Ltd | SUNGROW POWER SUPPLY CO LTD | nan,7
JiangSu Seraphim Solar System Co Ltd | Shenzhen SOFARSOLAR Co Ltd | nan,7
Risen Energy Co Ltd | SolaX Power Network Technology Zhejiang Co Ltd | nan,7
Jinko Solar Co Ltd | ESY Sunhome Co Ltd | nan,7
CSI Solar Co Ltd | Shenzhen GivEnergy Co Ltd | Shenzhen GivEnergy Co Ltd,7
Wuxi Suntech Power Co Ltd | Tesla Inc | Tesla Inc,7
Risen Energy Co Ltd | Sungrow Power Supply Co Ltd | Sungrow,7
Jinko Solar Co Ltd | SolaX Power Network Technology (Zhe jiang) Co Ltd | Solax Power Network Technology (Zhe jiang) Co Ltd,7
Jinko Solar Co Ltd | GoodWe Technologies Co Ltd | Alpha ESS Co Ltd,7
Wuxi Suntech Power Co Ltd | Sungrow Power Supply Co Ltd | Sungrow Power Supply Co Ltd,7
Chint New Energy Technology Co Ltd | Alpha ESS Co Ltd | Alpha ESS Co Ltd,7
Jinko Solar Co Ltd | Sungrow Power Supply Co Ltd | Tesla Inc,7
Changzhou EGing Photovoltaic Technology Co Ltd | SolaX Power Network Technology (Zhe jiang) Co Ltd | SolaX Power Network Technology (Zhe jiang) Co Ltd,6
Risen Energy Co Ltd | GoodWe Technologies Co Ltd | Tesla Inc,6
Jiangsu Runergy New Energy Technology Co Ltd | GoodWe Technologies Co Ltd | nan,6
Jinko Solar Co Ltd | Altenergy Power System Inc | nan,6
Jinko Solar Co Ltd | AISWEI Technology (Shanghai) Co Ltd | nan,6
Sharp Solar Solution Asia Co Ltd | AISWEI Technology (Shanghai) Co Ltd | nan,6
Win Win Precision Technology Co Ltd | SolarEdge Technologies Ltd | nan,6
Changzhou EGing Photovoltaic Technology Co Ltd | Each Energy Technology (Suzhou) Co Ltd | nan,6
Trina Solar Co Ltd | AISWEI Technology (Shanghai) Co Ltd | nan,6
Maxeon Solar Technologies Ltd | Sungrow Power Supply Co Ltd | nan,6
DAS SOLAR CO LTD | Shenzhen Growatt New Energy Co Ltd | nan,6
Shenzhen Aiko Digital Energy Technology Co Ltd | GoodWe Technologies Co Ltd | GoodWe Technologies Co Ltd,6
Trina Solar Co Ltd | SolarEdge Technologies Ltd | SolarEdge Technologies Ltd,6
Trina Solar Co Ltd | SMA Australia Pty Ltd | nan,6
DAS SOLAR CO LTD | Jinko Solar Co Ltd | Jinko Solar Co Ltd,6
DAS SOLAR CO LTD | NingBo Deye Inverter Technology Co Ltd | nan,6
Maxeon Solar Technologies Ltd | GoodWe Technologies Co Ltd | GoodWe Technologies Co Ltd,6
"Jinko Solar Co Ltd | Suzhou Bytewatt Technology Co Ltd | Bytewatt Technology Co.,Ltd.",6
DAH Solar Co Ltd | Guangzhou Sanjing Electric Co Ltd | nan,6
Shenzhen Aiko Digital Energy Technology Co Ltd | SolarEdge Technologies Ltd | SolarEdge Technologies Ltd,6
Seraphim Solar System Co Ltd | Fronius Australia Pty Ltd | nan,6
Risen Energy Co Ltd | Shenzhen SOFARSOLAR Co Ltd | nan,6
Leapton Solar Changshu Co Ltd | Guangzhou Sanjing Electric Co Ltd | nan,6
Jinko Solar Co Ltd | Enphase Energy Inc | Enphase Energy Inc,6
Risen Energy Co Ltd | SolaX Power Network Technology (Zhe jiang) Co Ltd | Solax Power Network Technology (Zhe jiang) Co Ltd,6
Jinko Solar Co Ltd | iStore (QLD) Pty Ltd | Solargain (Qld) Pty Ltd,6
Tongwei Co Ltd | Solax Power Network Technology (Zhe jiang) Co Ltd | nan,6
Wuxi Suntech Power Co Ltd | SolarEdge Technologies Ltd | SolarEdge Technologies Ltd,6
Ningbo Ulica Solar Co Ltd | Ginlong Technologies Co Ltd | nan,6
Trina Solar Co Ltd | Solax Power Network Technology (Zhe jiang) Co Ltd | nan,6
Jolywood (Taizhou) Solar Technology Co Ltd | Huawei Technologies Co Ltd | nan,6
Suzhou Akcome Optronics Science & Technology Co Ltd | Fronius Australia Pty Ltd | nan,6
Hanwha Q CELLS GmbH | GoodWe Technologies Co Ltd | nan,6
Risen Energy Co Ltd | Solax Power Network Technology (Zhe jiang) Co Ltd | nan,6
CSI Solar Co Ltd | Guangzhou Sanjing Electric Co Ltd | Guangzhou Sanjing Electric Co Ltd,6
Phono Solar Technology Co Ltd | Shanghai SIGEN New Energy Technology Co Ltd | Shanghai SIGEN New Energy Technology Co Ltd,6
SolarEdge Technologies Ltd | SolarEdge Technologies Ltd | SolarEdge Technologies Ltd,6
Hanwha Q CELLS Australia pty ltd | Sungrow Power Supply Co Ltd | SUNGROW AUSTRALIA GROUP PTY LTD,6
LONGi Green Energy Technology Co Ltd | FOXESS Co Ltd | nan,6
JA Solar Technology Co Ltd | Shanghai SIGEN New Energy Technology Co Ltd | nan,6
AXITEC Energy GmbH & Co KG | Tesla Inc | Tesla Inc,6
DAS SOLAR CO LTD | Enphase Energy Inc | nan,5
JA Solar Technology Co Ltd | FOXESS CO LTD | FOXESS Co Ltd,5
AE SOLAR GmbH | Shenzhen SOFARSOLAR Co Ltd | Shenzhen SOFAR SOLAR Co Ltd,5
DAS SOLAR CO LTD | Shanghai SIGEN New Energy Technology Co Ltd | nan,5
Seraphim Solar System Co Ltd | Alpha ESS Co Ltd | Alpha ESS Co Ltd,5
DAH Solar Co Ltd | Delta Electronics Inc | nan,5
JA Solar Technology Co Ltd | GoodWe Technologies Co Ltd | DAQIN NEW ENERGY TECH (TAIZHOU) CO LTD,5
CSI Solar Co Ltd | Huawei Technologies Co Ltd | nan,5
Hanwha Q CELLS Australia pty ltd | Shenzhen Growatt New Energy Co Ltd | nan,5
Changzhou EGing Photovoltaic Technology Co Ltd | GoodWe Technologies Co Ltd | Daqin New Energy Tech (Taizhou) Co Ltd,5
Risen Energy Co Ltd | Huawei Technologies Co Ltd | Huawei Technologies Co Ltd,5
Shanghai Aerospace Automobile Electromechanical Co Ltd | Guangzhou Sanjing Electric Co Ltd | Guangzhou Sanjing Electric Co Ltd,5
Jinko Solar Co Ltd | GoodWe Technologies Co Ltd | Shenzhen BYD Electronics Co Ltd,5
Hanwha Q CELLS Australia pty ltd | Hanwha Solutions Corporation | Hanwha Solutions Corporation,5
LONGi Green Energy Technology Co Ltd | SUNGROW POWER SUPPLY CO LTD | nan,5
Anhui Huasun Energy Co Ltd | FOXESS Co Ltd | nan,5
Wuxi Suntech Power Co Ltd | Ginlong Technologies Co Ltd | nan,5
Hanwha Q CELLS Australia pty ltd | Fronius Australia Pty Ltd | Shenzhen BYD Electronics Co Ltd,5
Trina Solar Co Ltd | Shenzhen SOFARSOLAR Co Ltd | Shenzhen SOFAR SOLAR Co Ltd,5
LONGi Green Energy Technology Co Ltd | Fronius Australia Pty Ltd | Shenzhen BYD Electronics Co Ltd,5
Shenzhen Aiko Digital Energy Technology Co Ltd | Alpha ESS Co Ltd | Alpha ESS Co Ltd,5
Jinko Solar Co Ltd | Suzhou Bytewatt Technology Co Ltd | Suzhou Bytewatt Technology Co Ltd,5
CSI Solar Co Ltd | SMA AUSTRALIA PTY LTD | nan,5
Hanwha Q CELLS Australia pty ltd | GoodWe Technologies Co Ltd | SONNEN AUSTRALIA PTY LIMITED,5
Jolywood (Taizhou) Solar Technology Co Ltd | FOXESS Co Ltd | nan,5
AXITEC Energy GmbH & Co KG | AISWEI Technology (Shanghai) Co Ltd | nan,5
Risen Energy Co Ltd | Guangzhou Sanjing Electric Co Ltd | Tesla Inc,5
Wuxi Suntech Power Co Ltd | SMA Australia Pty Ltd | nan,5
Jinko Solar Co Ltd | SolaX Power Network Technology (Zhejiang) Co Ltd | SolaX Power Network Technology (Zhe jiang) Co Ltd,5
JA Solar Technology Co Ltd | Shenzhen Growatt New Energy Co Ltd | Shenzhen Growatt New Energy Co Ltd,5
LONGi Green Energy Technology Co Ltd | SMA Australia Pty Ltd | nan,5
Trina Solar Co Ltd | SolaX Power Network Technology (Zhe jiang) Co Ltd | SolaX Power Network Technology (Zhe jiang) Co Ltd,5
Risen Energy Co Ltd | AISWEI Technology Co Ltd | nan,5
Shanghai JA Solar Technology Co Ltd | NingBo Deye Inverter Technology Co Ltd | RedEarth Energy Storage Ltd,5
Yingli Energy Development Co Ltd | GoodWe Technologies Co Ltd | nan,5
REC Solar Pte Ltd | Huawei Technologies Co Ltd | nan,5
CSI Solar Co Ltd | Tesla Inc | nan,5
REC Solar Pte Ltd | Fronius Australia Pty Ltd | Shenzhen BYD Electronics Co Ltd,5
Jiangsu Runergy New Energy Technology Co Ltd | Sungrow Power Supply Co Ltd | nan,5
DAH Solar Co Ltd | Guangzhou Sanjing Electric Co Ltd | Guangzhou Sanjing Electric Co Ltd,5
Jinko Solar Co Ltd | Dongguan Hinen New Energy Technology Co Ltd | Dongguan Hinen New Energy Technology Co Ltd,5
Jinko Solar Co Ltd | Regulator | nan,5
Phono Solar Technology Co Ltd | GoodWe Technologies Co Ltd | GoodWe Technologies Co Ltd,5
CSI Solar Co Ltd | FOXESS CO LTD | FOXESS Co Ltd,5
Jinko Solar Co Ltd | Redback Operations Pty Ltd | nan,5
Seraphim Solar System Co Ltd | SolaX Power Network Technology Zhejiang Co Ltd | nan,5
AXITEC Energy GmbH & Co KG | Fronius Australia Pty Ltd | nan,5
Sharp Solar Solution Asia Co Ltd | Shenzhen Growatt New Energy Co Ltd | nan,4
Hengdian Group DMEGC Magnetics Co Ltd | Shanghai SIGEN New Energy Technology Co Ltd | Shanghai SIGEN New Energy Technology Co Ltd,4
Phono Solar Technology Co Ltd | SMA Australia Pty Ltd | nan,4
CSI Solar Co Ltd | AISWEI Technology (Shanghai) Co Ltd | nan,4
LONGi Green Energy Technology Co Ltd | Shenzhen SOFARSOLAR Co Ltd | nan,4
DAS SOLAR CO LTD | SolarEdge Technologies Ltd | SolarEdge Technologies Ltd,4
AE Solar GmbH | Sungrow Power Supply Co Ltd | SUNGROW AUSTRALIA GROUP PTY LTD,4
Changzhou EGing Photovoltaic Technology Co Ltd | Delta Electronics Inc | nan,4
LONGi Green Energy Technology Co Ltd | Solax Power Network Technology (Zhe jiang) Co Ltd | Suzhou Bytewatt Technology Co Ltd,4
Phono Solar Technology Co Ltd | Enphase Energy Inc | nan,4
CSI Solar Co Ltd | Shenzhen Growatt New Energy Co Ltd | Shenzhen Growatt New Energy Co Ltd,4
CSI Solar Co Ltd | Redback Operations Pty Ltd | Pylon Technologies Co Ltd,4
Jinko Solar Co Ltd | Enphase Energy Australia Pty. Ltd. | nan,4
Shanghai JA Solar Technology Co Ltd | GoodWe Technologies Co Ltd | Alpha ESS Co Ltd,4
Trina Solar Co Ltd | ESY Sunhome Co Ltd | ESY SUNHOME CO LTD,4
Risen Energy Co Ltd | iStore (QLD) Pty Ltd | iStore (QLD) Pty Ltd,4
Shanghai JA Solar Technology Co Ltd | SolaX Power Network Technology (Zhe jiang) Co Ltd | nan,4
AXITEC Energy GmbH & Co KG | SolaX Power Network Technology Zhejiang Co Ltd | nan,4
Hengdian Group DMEGC Magnetics CO LTD | Guangzhou Sanjing Electric Co Ltd | nan,4
Zhejiang Aiko Solar Technology Co Ltd | Ginlong Technologies Co Ltd | nan,4
LONGi Green Energy Technology Co Ltd | AISWEI Technology (Shanghai) Co Ltd | nan,4
Wuxi Suntech Power Co Ltd | Shenzhen SOFARSOLAR Co Ltd | SofarSolar Ausco Pty Ltd,4
Hengdian Group DMEGC Magnetics CO LTD | AISWEI Technology Co Ltd | nan,4
Shanghai Aerospace Automobile Electromechanical Co Ltd | Ginlong Technologies Co Ltd | nan,4
Tongwei Co Ltd | Guangzhou Sanjing Electric Co Ltd | Guangzhou Sanjing Electric Co Ltd,4
Risen Energy Co Ltd | SolaX Power Network Technology (Zhejiang) Co Ltd | SolaX Power Network Technology (Zhe jiang) Co Ltd,4
Phono Solar Technology Co Ltd | Sungrow Power Supply Co Ltd | Sungrow Power Supply Co Ltd,4
Jinko Solar Co Ltd | SolaX Power Network Technology Zhejiang Co Ltd | Solax Power Network Technology (Zhe jiang) Co Ltd,4
DAH Solar Co Ltd | GoodWe Technologies Co Ltd | nan,4
Phono Solar Technology Co Ltd | Guangzhou Sanjing Electric Co Ltd | nan,4
Ningbo Ulica Solar Co Ltd | Shenzhen Growatt New Energy Co Ltd | nan,4
Jolywood (Taizhou) Solar Technology Co Ltd | Ginlong Technologies Co Ltd | nan,4
Shenzhen Aiko Digital Energy Technology Co Ltd | Sungrow Power Supply Co Ltd | SUNGROW AUSTRALIA GROUP PTY LTD,4
"JA Solar Technology Co Ltd | Sieyuan Electric Co Ltd | Shanghai Sieyuan Watten Technology Co., Ltd",4
Shenzhen Aiko Digital Energy Technology Co Ltd | Ginlong Technologies Co Ltd | nan,4
REC Solar Pte Ltd | Sungrow Power Supply Co Ltd | Sungrow Power Supply Co Ltd,4
DAS SOLAR CO LTD | Jinko Solar Co Ltd | nan,4
Trina Solar Co Ltd | Suzhou Bytewatt Technology Co Ltd | Suzhou Bytewatt Technology Co Ltd,4
Tongwei Solar (Hefei) Co Ltd | Guangzhou Sanjing Electric Co Ltd | Guangzhou Sanjing Electric Co Ltd,4
Risen Energy Co Ltd | Fronius Australia Pty Ltd | Tesla Inc,4
Ningbo Ulica Solar Co Ltd | Sungrow Power Supply Co Ltd | nan,4
Zhejiang Sunpro Power Technology co Ltd | Ginlong Technologies Co Ltd | nan,4
LONGi Green Energy Technology Co Ltd | Shenzhen PowerOak Newener Co Ltd | SHENZHEN POWEROAK NEWENER CO LTD,4
JA Solar Technology Co Ltd | Suzhou Bytewatt Technology Co Ltd | Suzhou Bytewatt Technology Co Ltd,4
Ningbo Ulica Solar Co Ltd | Suzhou Hypontech Co Ltd | nan,4
DAH Solar Co Ltd | Shenzhen SOFARSOLAR Co Ltd | nan,4
AE SOLAR GmbH | Fronius Australia Pty Ltd | nan,4
LONGi Green Energy Technology Co Ltd | SolarEdge Technologies Ltd | SolarEdge Technologies Ltd,4
REC Solar Pte Ltd | REDBACK OPERATIONS PTY LTD | nan,4
"Tongwei Co Ltd | Suzhou Bytewatt Technology Co Ltd | Bytewatt Technology Co.,Ltd.",4
Jinko Solar Co Ltd | FOXESS CO LTD | FOXESS CO LTD,4
Zhejiang Sunpro Power Technology co Ltd | FOXESS Co Ltd | nan,4
Risen Energy Co Ltd | Shenzhen Growatt New Energy Co Ltd | Shenzhen Growatt New Energy Co Ltd,4
DAH Solar Co Ltd | Sungrow Power Supply Co Ltd | nan,4
REC Solar Pte Ltd | Tesla Inc | nan,4
Changzhou EGing Photovoltaic Technology Co Ltd | Shenzhen SOFARSOLAR Co Ltd | Shenzhen SOFAR SOLAR Co Ltd,4
Changzhou EGing Photovoltaic Technology Co Ltd | Shenzhen SOFARSOLAR Co Ltd | nan,4
Chint New Energy Technology Co Ltd | Ginlong Technologies Co Ltd | nan,4
Hanwha Q CELLS Australia pty ltd | Sungrow Power Supply Co Ltd | Sungrow Power Supply Co Ltd,4
JiangSu Seraphim Solar System Co Ltd | Sungrow Power Supply Co Ltd | Sungrow Power Supply Co Ltd,4
Hanwha Q CELLS Australia pty ltd | Ginlong Technologies Co Ltd | nan,4
Jinko Solar Co Ltd | ESY Sunhome Co Ltd | ESY SUNHOME CO LTD,4
AE SOLAR GmbH | Redx Technology Australia Pty Ltd | Redx Technology Australia Pty Ltd,4
Phono Solar Technology Co Ltd | SMA AUSTRALIA PTY LTD | nan,4
JiangSu Seraphim Solar System Co Ltd | Fronius Australia Pty Ltd | nan,4
Hanwha Q CELLS Australia pty ltd | Sungrow Power Supply Co Ltd | Redback Operations Pty Ltd,4
Shanghai JA Solar Technology Co Ltd | SMA Australia Pty Ltd | nan,4
AXITEC Energy GmbH & Co KG | Guangzhou Sanjing Electric Co Ltd | Guangzhou Sanjing Electric Co Ltd,4
CSI Solar Co Ltd | NingBo Deye Inverter Technology Co Ltd | nan,4
"Jinko Solar Co Ltd | Shanghai Sieyuan Watten Technology Co Ltd | Shanghai Sieyuan Watten Technology Co., Ltd",3
Trina Solar Co Ltd | Sungrow Power Supply Co Ltd | Tesla Inc,3
CSI Solar Co Ltd | Shenzhen SOFARSOLAR Co Ltd | Shenzhen SOFAR SOLAR Co Ltd,3
Zhejiang Aiko Solar Technology Co Ltd | NingBo Deye Inverter Technology Co Ltd | nan,3
DAS SOLAR CO LTD | Alpha ESS Co Ltd | nan,3
Wuxi Suntech Power Co Ltd | AISWEI Technology (Shanghai) Co Ltd | nan,3
Maxeon Solar Technologies Ltd | Sungrow Power Supply Co Ltd | SUNGROW AUSTRALIA GROUP PTY LTD,3
LONGi Green Energy Technology Co Ltd | Sungrow Power Supply Co Ltd | Sungrow,3
LONGi Green Energy Technology Co Ltd | Ginlong Technologies Co Ltd | DAQIN NEW ENERGY TECH (TAIZHOU) CO LTD,3
JA Solar Technology Co Ltd | NOARK Electrics (Shanghai) Co Ltd | Pylon Technologies Co Ltd,3
LONGi Green Energy Technology Co Ltd | Alpha ESS Co Ltd | nan,3
JA Solar Technology Co Ltd | GoodWe Technologies Co Ltd | Daqin New Energy Tech (Taizhou) Co Ltd,3
Hanwha Q CELLS Australia pty ltd | Fronius Australia Pty Ltd | Tesla Inc,3
Risen Energy Co Ltd | GoodWe Technologies Co Ltd | Sungrow Power Supply Co Ltd,3
LONGi Green Energy Technology Co Ltd | SolaX Power Network Technology (Zhe jiang) Co Ltd | Solax Power Network Technology (Zhe jiang) Co Ltd,3
LONGi Green Energy Technology Co Ltd | NingBo Deye Inverter Technology Co Ltd | nan,3
Risen Energy Co Ltd | NingBo Deye Inverter Technology Co Ltd | nan,3
Shanghai Aerospace Automobile Electromechanical Co Ltd | SolaX Power Network Technology (Zhe jiang) Co Ltd | nan,3
AE SOLAR GmbH | Ginlong Technologies Co Ltd | nan,3
Jolywood (Taizhou) Solar Technology Co Ltd | Sungrow Power Supply Co Ltd | Sungrow Power Supply Co Ltd,3
Win Win Precision Technology Co Ltd | GoodWe Technologies Co Ltd | nan,3
REC Solar Pte Ltd | SMA AUSTRALIA PTY LTD | nan,3
DAH Solar Co Ltd | SolaX Power Network Technology Zhejiang Co Ltd | nan,3
LONGi Green Energy Technology Co Ltd | Altenergy Power System Inc | nan,3
Changzhou EGing Photovoltaic Technology Co Ltd | Ginlong Technologies Co Ltd | DAQIN NEW ENERGY TECH (TAIZHOU) CO LTD,3
LONGi Green Energy Technology Co Ltd | SolaX Power Network Technology (Zhejiang) Co Ltd | nan,3
EEMU Pty Ltd T/A Ausgem Energy | SMA Australia Pty Ltd | nan,3
CSI Solar Co Ltd | SolarEdge Technologies Ltd | SolarEdge Technologies Ltd,3
Tongwei Co Ltd | Enphase Energy Inc | nan,3
AE SOLAR GmbH | Sungrow Power Supply Co Ltd | Alpha ESS Co Ltd,3
Hengdian Group DMEGC Magnetics Co Ltd | Guangzhou Sanjing Electric Co Ltd | Guangzhou Sanjing Electric Co Ltd,3
EEMU Pty Ltd T/A Ausgem Energy | Alpha ESS Co Ltd | Alpha ESS Co Ltd,3
JA Solar Technology Co Ltd | Shenzhen SOFARSOLAR Co Ltd | Shenzhen SOFAR SOLAR Co Ltd,3
Trina Solar Co Ltd | FOXESS Co Ltd | nan,3
Shanghai JA Solar Technology Co Ltd | LG Energy Solution Ltd | nan,3
Maxeon Solar Technologies Ltd | Fronius Australia Pty Ltd | Shenzhen BYD Electronics Co Ltd,3
Seraphim Solar System Co Ltd | Shenzhen SOFARSOLAR Co Ltd | nan,3
Anhui Huasun Energy Co Ltd | Sungrow Power Supply Co Ltd | nan,3
Jiangsu Runergy New Energy Technology Co Ltd | Guangzhou Sanjing Electric Co Ltd | nan,3
DAS SOLAR CO LTD | NingBo Deye Inverter Technology Co Ltd | Ningbo Deye Ess Technology Co Ltd,3
Shanghai JA Solar Technology Co Ltd | LG Energy Solution Ltd | LG Energy Solution Ltd,3
Shenzhen Aiko Digital Energy Technology Co Ltd | Guangzhou Sanjing Electric Co Ltd | nan,3
Tongwei Co Ltd | Dongguan Hinen New Energy Technology Co Ltd | Dongguan Hinen New Energy Technology Co Ltd,3
AE SOLAR GmbH | SUNGROW POWER SUPPLY CO LTD | nan,3
Jinko Solar Co Ltd | AISWEI Technology Co Ltd | nan,3
LONGi Green Energy Technology Co Ltd | Ginlong Technologies Co Ltd | Dyness,3
DAS SOLAR CO LTD | Ginlong Technologies Co Ltd | DAQIN NEW ENERGY TECH (TAIZHOU) CO LTD,3
Sharp Solar Solution Asia Co Ltd | Ginlong Technologies Co Ltd | nan,3
Trina Solar Co Ltd | Altenergy Power System Inc | nan,3
Risen Energy Co Ltd | SolarEdge Technologies Ltd | SolarEdge Technologies Ltd,3
LONGi Green Energy Technology Co Ltd | AISWEI Technology Co Ltd | nan,3
Trina Solar Co Ltd | Enphase Energy Australia Pty. Ltd. | nan,3
Changzhou EGing Photovoltaic Technology Co Ltd | Shanghai SIGEN New Energy Technology Co Ltd | Shanghai SIGEN New Energy Technology Co Ltd,3
"Risen Energy Co Ltd | Sieyuan Electric Co Ltd | Shanghai Sieyuan Watten Technology Co., Ltd",3
AE SOLAR GmbH | Sungrow Power Supply Co Ltd | SUNGROW AUSTRALIA GROUP PTY LTD,3
Changzhou EGing Photovoltaic Technology Co Ltd | FOXESS Co Ltd | nan,3
Jinko Solar Co Ltd | Hoymiles Power Electronics Inc | nan,3
CSI Solar Co Ltd | Shanghai SIGEN New Energy Technology Co Ltd | nan,3
CSI Solar Co Ltd | ESY Sunhome Co Ltd | ESY SUNHOME CO LTD,3
Risen Energy Co Ltd | Sungrow Power Supply Co Ltd | Tesla Inc,3
LONGi Green Energy Technology Co Ltd | SMA AUSTRALIA PTY LTD | nan,3
Win Win Precision Technology Co Ltd | Enphase Energy Inc | nan,3
Hanwha Q CELLS GmbH | Sungrow Power Supply Co Ltd | nan,3
Trina Solar Co Ltd | Shanghai SIGEN New Energy Technology Co Ltd | nan,3
Maxeon Solar Technologies Ltd | Shanghai SIGEN New Energy Technology Co Ltd | Shanghai SIGEN New Energy Technology Co Ltd,3
"Jinko Solar Co Ltd | Sieyuan Electric Co Ltd | Shanghai Sieyuan Watten Technology Co., Ltd",3
REC Solar Pte Ltd | SMA Australia Pty Ltd | nan,3
Chint New Energy Technology Co Ltd | GoodWe Technologies Co Ltd | GoodWe Technologies Co Ltd,3
LONGi Green Energy Technology Co Ltd | GoodWe Technologies Co Ltd | FranklinWH Technologies Co Ltd,3
Tongwei Solar (Hefei) Co Ltd | SolarEdge Technologies Ltd | nan,3
CSI Solar Co Ltd | GoodWe Technologies Co Ltd | Alpha ESS Co Ltd,3
Jinko Solar Co Ltd | Sungrow Power Supply Co Ltd | Redback Operations Pty Ltd,3
JA Solar Technology Co Ltd | SolaX Power Network Technology Zhejiang Co Ltd | nan,3
LONGi Green Energy Technology Co Ltd | Clenergy Technology Co Ltd | Xiamen Well Energy Technology Co Ltd,3
JA Solar Technology Co Ltd | SolaX Power Network Technology (Zhe jiang) Co Ltd | nan,3
DAS SOLAR CO LTD | Ginlong Technologies Co Ltd | Dyness,3
Zhejiang Aiko Solar Technology Co Ltd | SolarEdge Technologies Ltd | SolarEdge Technologies Ltd,3
Trina Solar Co Ltd | SMA AUSTRALIA PTY LTD | nan,3
Jinko Solar Co Ltd | iStore (QLD) Pty Ltd | iStore (QLD) Pty Ltd,3
Jinko Solar Co Ltd | Redback Operations Pty Ltd | Pylon Technologies Co Ltd,3
Jinko Solar Co Ltd | Tesla Inc | nan,3
Hengdian Group DMEGC Magnetics CO LTD | GoodWe Technologies Co Ltd | nan,3
Suzhou Akcome Optronics Science & Technology Co Ltd | SolaX Power Network Technology (Zhe jiang) Co Ltd | Solax Power Network Technology (Zhe jiang) Co Ltd,3
LONGi Green Energy Technology Co Ltd | Hiconics Eco-energy Drive Technology Co Ltd | Hiconics Eco-energy Drive Technology Co Ltd,3
Changzhou EGing Photovoltaic Technology Co Ltd | GoodWe Technologies Co Ltd | Tesla Inc,3
Wuxi Suntech Power Co Ltd | SMA AUSTRALIA PTY LTD | nan,3
Wuxi Suntech Power Co Ltd | Hanwha Solutions Corporation | Hanwha Solutions Corporation,3
EEMU Pty Ltd T/A Ausgem Energy | Shanghai SIGEN New Energy Technology Co Ltd | Shanghai SIGEN New Energy Technology Co Ltd,3
Suzhou Akcome Optronics Science & Technology Co Ltd | Ginlong Technologies Co Ltd | nan,3
Maxeon Solar Technologies Ltd | Enphase Energy Inc | nan,3
Tongwei Solar (Hefei) Co Ltd | Sungrow Power Supply Co Ltd | Sungrow Power Supply Co Ltd,3
JiangSu Seraphim Solar System Co Ltd | Guangzhou Sanjing Electric Co Ltd | Guangzhou Sanjing Electric Co Ltd,3
Chint New Energy Technology Co Ltd | Sungrow Power Supply Co Ltd | Sungrow Power Supply Co Ltd,3
DAS SOLAR CO LTD | Shenzhen SOFARSOLAR Co Ltd | Shenzhen SOFAR SOLAR Co Ltd,3
Wuxi Suntech Power Co Ltd | REDX TECHNOLOGY AUSTRALIA PTY LTD | REDX TECHNOLOGY AUSTRALIA PTY LTD,3
Hanwha Q CELLS Australia pty ltd | Enphase Energy Inc | nan,3
Shanghai Aerospace Automobile Electromechanical Co Ltd | AISWEI Technology (Shanghai) Co Ltd | nan,3
Phono Solar Technology Co Ltd | JIANGSU GOODWE POWER SUPPLY TECHNOLOGY CO LTD | nan,3
Jinko Solar Co Ltd | SENEC GmbH | SENEC GmbH,3
Risen Energy Co Ltd | Fronius Australia Pty Ltd | Shenzhen BYD Electronics Co Ltd,3
LONGi Green Energy Technology Co Ltd | SENEC GmbH | SENEC GmbH,3
Zhejiang Aiko Solar Technology Co Ltd | Shenzhen Growatt New Energy Co Ltd | nan,3
Jinko Solar Co Ltd | Shenzhen SOFARSOLAR Co Ltd | Shenzhen SOFAR SOLAR Co Ltd,3
Wuxi Suntech Power Co Ltd | Sungrow Power Supply Co Ltd | Redback Operations Pty Ltd,3
Trina Solar Co Ltd | Delta Electronics Inc | nan,3
Seraphim Solar System Co Ltd | Ginlong Technologies Co Ltd | nan,3
JA Solar Technology Co Ltd | GoodWe Technologies Co Ltd | Dyness,3
Tongwei Co Ltd | SolaX Power Network Technology Zhejiang Co Ltd | nan,3
Jinko Solar Co Ltd | Fimer SpA | nan,3
Anhui Huasun Energy Co Ltd | FOXESS CO LTD | FOXESS CO LTD,3
"Risen Energy Co Ltd | Suzhou Bytewatt Technology Co Ltd | Bytewatt Technology Co.,Ltd.",3
DAH Solar Co Ltd | Ginlong Technologies Co Ltd | nan,3
REC Solar Pte Ltd | Guangzhou Sanjing Electric Co Ltd | nan,2
8 Star Energy Pty Ltd | GoodWe Technologies Co Ltd | nan,2
JiangSu Seraphim Solar System Co Ltd | GoodWe Technologies Co Ltd | GoodWe Technologies Co Ltd,2
Anhui Huasun Energy Co Ltd | GoodWe Technologies Co Ltd | GoodWe Technologies Co Ltd,2
Trina Solar Co Ltd | Fronius Australia Pty Ltd | Tesla Inc,2
Risen Energy Co Ltd | GoodWe Technologies Co Ltd | Jiangsu GoodWe Power Supply Technology Co Ltd,2
JA Solar Technology Co Ltd | Guangzhou Sanjing Electric Co Ltd | Pylon Technologies Co Ltd,2
Risen Energy Co Ltd | GoodWe Technologies Co Ltd | Alpha ESS Co Ltd,2
LONGi Green Energy Technology Co Ltd | GoodWe Technologies Co Ltd | Shenzhen Growatt New Energy Co Ltd,2
JiangSu Seraphim Solar System Co Ltd | SolarEdge Technologies Ltd | nan,2
Chint New Energy Technology Co Ltd | Shenzhen Growatt New Energy Co Ltd | Growatt New Energy Australia Pty Ltd,2
JA Solar Technology Co Ltd | NingBo Deye Inverter Technology Co Ltd | RedEarth Energy Storage Ltd,2
Hengdian Group DMEGC Magnetics Co Ltd | SolarEdge Technologies Ltd | nan,2
Anhui Huasun Energy Co Ltd | FOXESS CO LTD | nan,2
JiangSu Seraphim Solar System Co Ltd | Shenzhen Growatt New Energy Co Ltd | Alpha ESS Co Ltd,2
Tongwei Solar (Hefei) Co Ltd | NingBo Deye Inverter Technology Co Ltd | Daqin New Energy Tech (Taizhou) Co Ltd,2
Tongwei Co Ltd | SolaX Power Network Technology (Zhe jiang) Co Ltd | SolaX Power Network Technology (Zhe jiang) Co Ltd,2
CSI Solar Co Ltd | SolaX Power Network Technology (Zhe jiang) Co Ltd | SolaX Power Network Technology (Zhe jiang) Co Ltd,2
Chint New Energy Technology Co Ltd | Huawei Technologies Co Ltd | nan,2
Hengdian Group DMEGC Magnetics Co Ltd | GoodWe Technologies Co Ltd | GoodWe Technologies Co Ltd,2
Hanwha Q CELLS GmbH | Hanwha Solutions Corporation | Hanwha Solutions Corporation,2
Shanghai Aerospace Automobile Electromechanical Co Ltd | Sungrow Power Supply Co Ltd | Sungrow Power Supply Co Ltd,2
JiangSu Seraphim Solar System Co Ltd | AISWEI Technology (Shanghai) Co Ltd | nan,2
Trina Solar Co Ltd | Redback Operations Pty Ltd | nan,2
JA Solar Technology Co Ltd | ESY Sunhome Co Ltd | ESY SUNHOME CO LTD,2
Shanghai JA Solar Technology Co Ltd | Redback Operations Pty Ltd | nan,2
Seraphim Solar System Co Ltd | Solax Power Network Technology (Zhe jiang) Co Ltd | nan,2
Win Win Precision Technology Co Ltd | Shanghai SIGEN New Energy Technology Co Ltd | nan,2
Tongwei Co Ltd | FOXESS Co Ltd | nan,2
Win Win Precision Technology Co Ltd | GoodWe Technologies Co Ltd | GoodWe Technologies Co Ltd,2
Hengdian Group DMEGC Magnetics Co Ltd | Sungrow Power Supply Co Ltd | nan,2
Jinko Solar Co Ltd | GoodWe Technologies Co Ltd | SONNEN AUSTRALIA PTY LIMITED,2
LONGi Green Energy Technology Co Ltd | Regulator | nan,2
DAS SOLAR CO LTD | Anker Innovations Limited | Anker Innovations Limited,2
Shanghai JA Solar Technology Co Ltd | AISWEI Technology (Shanghai) Co Ltd | nan,2
Jinko Solar Co Ltd | Redback Operations Pty Ltd | Redback Operations Pty Ltd,2
Jinko Solar Co Ltd | SMA Australia Pty Ltd | Tesla Inc,2
JA Solar Technology Co Ltd | Sungrow Power Supply Co Ltd | Tesla Inc,2
Shanghai JA Solar Technology Co Ltd | Tesla Inc | Tesla Inc,2
LONGi Green Energy Technology Co Ltd | GoodWe Technologies Co Ltd | Sungrow Power Supply Co Ltd,2
DAS SOLAR CO LTD | FOXESS CO LTD | FOXESS CO LTD,2
Suzhou Akcome Optronics Science & Technology Co Ltd | Shenzhen SOFARSOLAR Co Ltd | Shenzhen SOFAR SOLAR Co Ltd,2
Tongwei Co Ltd | Ginlong Technologies Co Ltd | DAQIN NEW ENERGY TECH (TAIZHOU) CO LTD,2
Trina Solar Co Ltd | GoodWe Technologies Co Ltd | Alpha ESS Co Ltd,2
Risen Energy Co Ltd | Guangzhou Sanjing Electric Co Ltd | ESY SUNHOME CO LTD,2
Hengdian Group DMEGC Magnetics Co Ltd | Solax Power Network Technology (Zhe jiang) Co Ltd | nan,2
Shanghai JA Solar Technology Co Ltd | Altenergy Power System Inc | nan,2
Tongwei Solar (Hefei) Co Ltd | Shenzhen SOFARSOLAR Co Ltd | nan,2
Jinko Solar Co Ltd | SolaX Power Network Technology (Zhe jiang) Co Ltd | SolaX Power Network Technology Zhejiang Co Ltd,2
JiangSu Seraphim Solar System Co Ltd | iStore (QLD) Pty Ltd | nan,2
Suzhou Akcome Optronics Science & Technology Co Ltd | Sungrow Power Supply Co Ltd | Sungrow Power Supply Co Ltd,2
Tindo Operations Co Pty Ltd | Tesla Inc | Tesla Inc,2
Ningbo Ulica Solar Co Ltd | Clenergy Technology Co Ltd | Xiamen Well Energy Technology Co Ltd,2
DAS SOLAR CO LTD | SMA AUSTRALIA PTY LTD | nan,2
Shanghai JA Solar Technology Co Ltd | Sungrow Power Supply Co Ltd | Tesla Inc,2
Jinko Solar Co Ltd | Enphase Energy Inc | Tesla Inc,2
Hyundai Energy Solutions Co Ltd | Sungrow Power Supply Co Ltd | nan,2
Zhejiang Aiko Solar Technology Co Ltd | Tesla Inc | nan,2
Zhejiang Aiko Solar Technology Co Ltd | iStore (QLD) Pty Ltd | iStore (QLD) Pty Ltd,2
CSI Solar Co Ltd | Ginlong Technologies Co Ltd | Tesla Inc,2
Jinko Solar Co Ltd | REDBACK OPERATIONS PTY LTD | Redback Operations Pty Ltd,2
"DAS SOLAR CO LTD | Suzhou Bytewatt Technology Co Ltd | Bytewatt Technology Co.,Ltd.",2
Tongwei Co Ltd | NingBo Deye Inverter Technology Co Ltd | nan,2
DAS SOLAR CO LTD | Shenzhen Growatt New Energy Co Ltd | Shenzhen Growatt New Energy Co Ltd,2
DAS SOLAR CO LTD | SolaX Power Network Technology (Zhe jiang) Co Ltd | SolaX Power Network Technology (Zhe jiang) Co Ltd,2
Win Win Precision Technology Co Ltd | Guangzhou Sanjing Electric Co Ltd | nan,2
Hengdian Group DMEGC Magnetics CO LTD | Guangzhou Sanjing Electric Co Ltd | Guangzhou Sanjing Electric Co Ltd,2
Hengdian Group DMEGC Magnetics CO LTD | Ginlong Technologies Co Ltd | nan,2
Jinko Solar Co Ltd | Sigenergy Technology Co Ltd | Shanghai SIGEN New Energy Technology Co Ltd,2
Jinko Solar Co Ltd | SolaX Power Network Technology Zhejiang Co Ltd | SolaX Power Network Technology Zhejiang Co Ltd,2
Jinko Solar Co Ltd | SUNGROW POWER SUPPLY CO LTD | Sungrow Power Supply Co Ltd,2
Trina Solar Co Ltd | GoodWe Technologies Co Ltd | Shenzhen BYD Electronics Co Ltd,2
LONGi Green Energy Technology Co Ltd | LG Energy Solution Ltd | LG Energy Solution Ltd,2
CSI Solar Co Ltd | Sungrow Power Supply Co Ltd | Tesla Inc,2
Tongwei Co Ltd | Shenzhen SOFARSOLAR Co Ltd | Shenzhen SOFAR SOLAR Co Ltd,2
Shanghai JA Solar Technology Co Ltd | Huawei Technologies Co Ltd | Huawei Technologies Co Ltd,2
AE SOLAR GmbH | Shenzhen Growatt New Energy Co Ltd | nan,2
JA Solar Technology Co Ltd | Solax Power Network Technology (Zhe jiang) Co Ltd | nan,2
LONGi Green Energy Technology Co Ltd | Ginlong Technologies Co Ltd | Suzhou Bytewatt Technology Co Ltd,2
JiangSu Seraphim Solar System Co Ltd | SolaX Power Network Technology (Zhejiang) Co Ltd | SolaX Power Network Technology (Zhe jiang) Co Ltd,2
Seraphim Solar System Co Ltd | SENEC GmbH | SENEC GmbH,2
Tongwei Solar (Hefei) Co Ltd | Delta Electronics Inc | nan,2
Hengdian Group DMEGC Magnetics Co Ltd | Fronius Australia Pty Ltd | nan,2
Maxeon Solar Technologies Ltd | ENPHASE ENERGY AUSTRALIA PTY. LTD. | nan,2
Chint New Energy Technology Co Ltd | SolaX Power Network Technology (Zhe jiang) Co Ltd | nan,2
Zhejiang Sunpro Power Technology co Ltd | AISWEI Technology Co Ltd | Alpha ESS Co Ltd,2
AXITEC Energy GmbH & Co KG | Shenzhen Growatt New Energy Co Ltd | nan,2
Hyundai Energy Solutions Co Ltd | Ginlong Technologies Co Ltd | nan,2
Tongwei Solar (Hefei) Co Ltd | LG Energy Solution Ltd | LG Energy Solution Ltd,2
Risen Energy Co Ltd | Shenzhen Growatt New Energy Co Ltd | Tesla Inc,2
Changzhou EGing Photovoltaic Technology Co Ltd | FOXESS CO LTD | FOXESS Co Ltd,2
Maxeon Solar Technologies Ltd | GoodWe Technologies Co Ltd | Tesla Inc,2
LONGi Green Energy Technology Co Ltd | Sungrow Power Supply Co Ltd | LG Energy Solution Ltd,2
Shanghai Aerospace Automobile Electromechanical Co Ltd | Guangzhou Sanjing Electric Co Ltd | nan,2
Tongwei Solar (Hefei) Co Ltd | SolaX Power Network Technology (Zhe jiang) Co Ltd | Solax Power Network Technology (Zhe jiang) Co Ltd,2
Jolywood (Taizhou) Solar Technology Co Ltd | Huawei Technologies Co Ltd | Tesla Inc,2
Jinko Solar Co Ltd | Ginlong Technologies Co Ltd | Dyness Digital Energy Technology Co Ltd,2
REC Solar Pte Ltd | Shenzhen Growatt New Energy Co Ltd | nan,2
REC Solar Pte Ltd | Sungrow Power Supply Co Ltd | SUNGROW AUSTRALIA GROUP PTY LTD,2
AE SOLAR GmbH | Anker innovations Limited | Anker Innovations Limited,2
Risen Energy Co Ltd | NingBo Deye Inverter Technology Co Ltd | Ningbo Deye Ess Technology Co Ltd,2
JA Solar Technology Co Ltd | SUNGROW POWER SUPPLY CO LTD | nan,2
Anhui Huasun Energy Co Ltd | Ginlong Technologies Co Ltd | nan,2
CSI Solar Co Ltd | SolaX Power Network Technology (Zhejiang) Co Ltd | SolaX Power Network Technology (Zhe jiang) Co Ltd,2
Shanghai JA Solar Technology Co Ltd | Sungrow Power Supply Co Ltd | Sungrow,2
Zhejiang Aiko Solar Technology Co Ltd | Sungrow Power Supply Co Ltd | SUNGROW AUSTRALIA GROUP PTY LTD,2
Jolywood (Taizhou) Solar Technology Co Ltd | Fronius Australia Pty Ltd | nan,2
AE Solar GmbH | Sungrow Power Supply Co Ltd | Sungrow Power Supply Co Ltd,2
LONGi Green Energy Technology Co Ltd | Hoymiles Power Electronics Inc | nan,2
Shanghai Aerospace Automobile Electromechanical Co Ltd | Shenzhen SOFARSOLAR Co Ltd | nan,2
Changzhou EGing Photovoltaic Technology Co Ltd | NingBo Deye Inverter Technology Co Ltd | nan,2
LONGi Green Energy Technology Co Ltd | SUNGROW POWER SUPPLY CO LTD | Sungrow Power Supply Co Ltd,2
Tongwei Co Ltd | FOXESS CO LTD | FOXESS Co Ltd,2
Jinko Solar Co Ltd | Huawei Technologies Co Ltd | Tesla Inc,2
JA Solar Technology Co Ltd | Sungrow Power Supply Co Ltd | Sungrow,2
Zhejiang Aiko Solar Technology Co Ltd | Fronius Australia Pty Ltd | Shenzhen BYD Electronics Co Ltd,2
JA Solar Technology Co Ltd | SolaX Power Network Technology (Zhe jiang) Co Ltd | Solax Power Network Technology (Zhe jiang) Co Ltd,2
"LONGi Green Energy Technology Co Ltd | Sieyuan Electric Co Ltd | Shanghai Sieyuan Watten Technology Co., Ltd",2
Chint New Energy Technology Co Ltd | Fronius Australia Pty Ltd | nan,2
Tongwei Co Ltd | SolarEdge Technologies Ltd | nan,2
AE SOLAR GmbH | GoodWe Technologies Co Ltd | GoodWe Technologies Co Ltd,2
REC Solar Pte Ltd | Fronius Australia Pty Ltd | Tesla Inc,2
Jinneng Clean Energy Technology Ltd | SolarEdge Technologies Ltd | nan,2
Tongwei Co Ltd | Sungrow Power Supply Co Ltd | SUNGROW AUSTRALIA GROUP PTY LTD,2
Shenzhen Aiko Digital Energy Technology Co Ltd | SMA AUSTRALIA PTY LTD | nan,2
JA Solar Technology Co Ltd | NOARK Electrics (Shanghai) Co Ltd | nan,2
JA Solar Technology Co Ltd | GoodWe Technologies Co Ltd | Suzhou Bytewatt Technology Co Ltd,2
AXITEC Energy GmbH & Co KG | SolarEdge Technologies Ltd | nan,2
Seraphim Solar System Co Ltd | Huawei Technologies Co Ltd | nan,2
Risen Energy Co Ltd | Jiangsu Koyoe Energy Technology Co Ltd | Jiangsu Koyoe Energy Technology Co Ltd,2
REC Solar Pte Ltd | SolarEdge Technologies Ltd | SolarEdge Technologies Ltd,2
LONGi Green Energy Technology Co Ltd | Enphase Energy Australia Pty. Ltd. | nan,2
Risen Energy Co Ltd | Enphase Energy Inc | nan,2
Phono Solar Technology Co Ltd | SolaX Power Network Technology Zhejiang Co Ltd | SolaX Power Network Technology (Zhe jiang) Co Ltd,2
Phono Solar Technology Co Ltd | Sungrow Power Supply Co Ltd | SUNGROW AUSTRALIA GROUP PTY LTD,2
Jiangsu Runergy New Energy Technology Co Ltd | Sungrow Power Supply Co Ltd | Sungrow Power Supply Co Ltd,2
Win Win Precision Technology Co Ltd | Fronius Australia Pty Ltd | Shenzhen BYD Electronics Co Ltd,2
Tongwei Solar (Hefei) Co Ltd | Suzhou Hypontech Co Ltd | nan,2
LONGi Green Energy Technology Co Ltd | Jiangsu Weiheng Intelligent Technology Co Ltd | Jiangsu Weiheng Intelligent Technology Co Ltd,2
AE SOLAR GmbH | SMA AUSTRALIA PTY LTD | nan,2
AE SOLAR GmbH | FOXESS CO LTD | FOXESS Co Ltd,2
Jiangsu Runergy New Energy Technology Co Ltd | Shenzhen SOFARSOLAR Co Ltd | nan,2
Trina Solar Co Ltd | NingBo Deye Inverter Technology Co Ltd | Ningbo Deye Ess Technology Co Ltd,2
Hanwha Q CELLS Australia pty ltd | SMA Australia Pty Ltd | nan,2
Hanwha Q CELLS GmbH | AISWEI Technology (Shanghai) Co Ltd | nan,2
Shenzhen Aiko Digital Energy Technology Co Ltd | Guangzhou Sanjing Electric Co Ltd | Guangzhou Sanjing Electric Co Ltd,2
LONGi Green Energy Technology Co Ltd | SolaX Power Network Technology Zhejiang Co Ltd | SolaX Power Network Technology (Zhe jiang) Co Ltd,2
Anhui Huasun Energy Co Ltd | Fronius Australia Pty Ltd | nan,2
LONGi Green Energy Technology Co Ltd | GoodWe Technologies Co Ltd | Tesla Inc,2
Shenzhen Aiko Digital Energy Technology Co Ltd | NingBo Deye Inverter Technology Co Ltd | nan,2
Tongwei Co Ltd | GoodWe Technologies Co Ltd | SONNEN AUSTRALIA PTY LIMITED,2
LONGi Green Energy Technology Co Ltd | Huawei Technologies Co Ltd | Huawei Technologies Co Ltd,2
Hanwha Q CELLS Australia pty ltd | Shenzhen Growatt New Energy Co Ltd | Shenzhen Growatt New Energy Co Ltd,2
Maxeon Solar Technologies Ltd | Fronius Australia Pty Ltd | Tesla Inc,2
Tongwei Solar (Hefei) Co Ltd | Sungrow Power Supply Co Ltd | SUNGROW AUSTRALIA GROUP PTY LTD,2
Tindo Operations Co Pty Ltd | NingBo Deye Inverter Technology Co Ltd | RedEarth Energy Storage Ltd,2
AE SOLAR GmbH | SolarEdge Technologies Ltd | nan,2
Jinko Solar Co Ltd | GoodWe Technologies Co Ltd | Jiangsu GoodWe Power Supply Technology Co Ltd,2
LONGi Green Energy Technology Co Ltd | Sungrow Power Supply Co Ltd | Tesla Inc,2
Hengdian Group DMEGC Magnetics Co Ltd | Shenzhen Growatt New Energy Co Ltd | Shenzhen Growatt New Energy Co Ltd,2
ZNSHINE PV-TECH CO LTD | Shenzhen SOFARSOLAR Co Ltd | nan,2
Tongwei Solar (Hefei) Co Ltd | Sungrow Power Supply Co Ltd | Sungrow,2
Ningbo Ulica Solar Co Ltd | Guangzhou Sanjing Electric Co Ltd | Guangzhou Sanjing Electric Co Ltd,2
Hengdian Group DMEGC Magnetics CO LTD | Sungrow Power Supply Co Ltd | nan,2
Maxeon Solar Technologies Ltd | Redback Operations Pty Ltd | Pylon Technologies Co Ltd,2
"Risen Energy Co Ltd | Bytewatt Technology Co Ltd | Bytewatt Technology Co.,Ltd.",2
Maxeon Solar Technologies Ltd | ENPHASE ENERGY AUSTRALIA PTY. LTD. | Tesla Inc,1
LONGi Green Energy Technology Co Ltd | FOXESS CO LTD | FOXESS CO LTD,1
JA Solar Technology Co Ltd | Ginlong Technologies Co Ltd | Daqin New Energy Tech (Taizhou) Co Ltd,1
AXITEC Energy GmbH & Co KG | Shanghai SIGEN New Energy Technology Co Ltd | Shanghai SIGEN New Energy Technology Co Ltd,1
Hyundai Energy Solutions Co Ltd | Huawei Technologies Co Ltd | nan,1
Anhui Huasun Energy Co Ltd | Guangzhou Sanjing Electric Co Ltd | Guangzhou Sanjing Electric Co Ltd,1
Tongwei Co Ltd | Shenzhen SOFARSOLAR Co Ltd | nan,1
"JA Solar Technology Co Ltd | Shanghai Sieyuan Watten Technology Co Ltd | Shanghai Sieyuan Watten Technology Co., Ltd",1
DAS SOLAR CO LTD | NingBo Deye Inverter Technology Co Ltd | Dyness Digital Energy Technology Co Ltd,1
Anhui Huasun Energy Co Ltd | Delta Electronics Inc | nan,1
Wuxi Suntech Power Co Ltd | NingBo Deye Inverter Technology Co Ltd | NINGBO DEYE ESS TECHNOLOGY CO LTD,1
"Trina Solar Co Ltd | Sieyuan Electric Co Ltd | Shanghai Sieyuan Watten Technology Co., Ltd",1
AE SOLAR GmbH | Shenzhen SOFARSOLAR Co Ltd | nan,1
Trina Solar Co Ltd | Alpha ESS Co Ltd | Alpha ESS Co Ltd,1
CSI Solar Co Ltd | FOXESS Co Ltd | FOXESS CO LTD,1
HANWHA Q CELLS AUSTRALIA PTY LTD | Shenzhen Growatt New Energy Co Ltd | nan,1
Anhui Huasun Energy Co Ltd | Sungrow Power Supply Co Ltd | SUNGROW AUSTRALIA GROUP PTY LTD,1
Tongwei Co Ltd | Ginlong Technologies Co Ltd | Dyness,1
Shanghai JA Solar Technology Co Ltd | AISWEI Technology (Shanghai) Co Ltd | Alpha ESS Co Ltd,1
Shanghai Aerospace Automobile Electromechanical Co Ltd | Jiangsu Weiheng Intelligent Technology Co Ltd | Jiangsu Weiheng Intelligent Technology Co Ltd,1
Tongwei Solar (Hefei) Co Ltd | GoodWe Technologies Co Ltd | Jiangsu GoodWe Power Supply Technology Co Ltd,1
CSI Solar Co Ltd | Redback Operations Pty Ltd | nan,1
Jinko Solar Co Ltd | GoodWe Technologies Co Ltd | Guangzhou Sanjing Electric Co Ltd,1
Wuxi Suntech Power Co Ltd | Anker Innovations Limited | Anker Innovations Limited,1
JA Solar Technology Co Ltd | GoodWe Technologies Co Ltd | Guangzhou Sanjing Electric Co Ltd,1
Hengdian Group DMEGC Magnetics Co Ltd | SolaX Power Network Technology (Zhe jiang) Co Ltd | nan,1
JiangSu Seraphim Solar System Co Ltd | GoodWe Technologies Co Ltd | Alpha ESS Co Ltd,1
JiangSu Seraphim Solar System Co Ltd | Shenzhen Growatt New Energy Co Ltd | Shenzhen Growatt New Energy Co Ltd,1
Zhejiang Aiko Solar Technology Co Ltd | Ginlong Technologies Co Ltd | DAQIN NEW ENERGY TECH (TAIZHOU) CO LTD,1
AXITEC Energy GmbH & Co KG | NingBo Deye Inverter Technology Co Ltd | Ningbo Deye Ess Technology Co Ltd,1
Tongwei Solar (Hefei) Co Ltd | AISWEI Technology (Shanghai) Co Ltd | nan,1
Tongwei Co Ltd | NingBo Deye Inverter Technology Co Ltd | NINGBO DEYE ESS TECHNOLOGY CO LTD,1
Shenzhen Aiko Digital Energy Technology Co Ltd | Tesla Inc | nan,1
JiangSu Seraphim Solar System Co Ltd | SolarEdge Technologies Ltd | FranklinWH Technologies Co Ltd,1
AE SOLAR GmbH | GoodWe Technologies Co Ltd | Dongguan Hinen New Energy Technology Co Ltd,1
Wuxi Suntech Power Co Ltd | AISWEI Technology (Shanghai) Co Ltd | AISWEI New Energy Technology (Yangzhong) Co Ltd,1
JA Solar Technology Co Ltd | SMA Australia Pty Ltd | nan,1
"LONGi Green Energy Technology Co Ltd | Suzhou Bytewatt Technology Co Ltd | Bytewatt Technology Co.,Ltd.",1
Tongwei Co Ltd | Tesla Inc | Tesla Inc,1
CSI Solar Co Ltd | SUNGROW POWER SUPPLY CO LTD | Sungrow Power Supply Co Ltd,1
Tongwei Co Ltd | ESY Sunhome Co Ltd | ESY SUNHOME CO LTD,1
AE SOLAR GmbH | Alpha ESS Co Ltd | nan,1
Jinko Solar Co Ltd | Shenzhen SOFARSOLAR Co Ltd | Guangdong Felicity New Energy Co Ltd,1
LONGi Green Energy Technology Co Ltd | Fimer SpA | nan,1
AE SOLAR GmbH | Alpha ESS Co Ltd | Dongguan Hinen New Energy Technology Co Ltd,1
AE SOLAR GmbH | Dongguan Hinen New Energy Technology Co Ltd | nan,1
JA Solar Technology Co Ltd | Enphase Energy Inc | Alpha ESS Co Ltd,1
Risen Energy Co Ltd | Dongguan Hinen New Energy Technology Co Ltd | nan,1
Jinko Solar Co Ltd | Dongguan Hinen New Energy Technology Co Ltd | nan,1
Win Win Precision Technology Co Ltd | SolarEdge Technologies Ltd | SolarEdge Technologies Ltd,1
Win Win Precision Technology Co Ltd | Tesla Inc | Tesla Inc,1
Chint New Energy Technology Co Ltd | AISWEI Technology (Shanghai) Co Ltd | nan,1
JA Solar Technology Co Ltd | Delta Electronics Inc | nan,1
Risen Energy Co Ltd | Shanghai Sieyuan Watten Technology Co Ltd | nan,1
AE SOLAR GmbH | iStore (QLD) Pty Ltd | nan,1
Zhejiang Sunpro Power Technology co Ltd | Jiangsu Weiheng Intelligent Technology Co Ltd | Jiangsu Weiheng Intelligent Technology Co Ltd,1
Jinko Solar Co Ltd | Shenzhen GivEnergy Co Ltd | Shenzhen GivEnergy Co Ltd,1
Changzhou EGing Photovoltaic Technology Co Ltd | AISWEI Technology Co Ltd | nan,1
JA Solar Technology Co Ltd | GoodWe Technologies Co Ltd | ZYC Energy Company Limited,1
"JiangSu Seraphim Solar System Co Ltd | Suzhou Bytewatt Technology Co Ltd | Bytewatt Technology Co.,Ltd.",1
JA Solar Technology Co Ltd | SolaX Power Network Technology (Zhe jiang) Co Ltd | SolaX Power Network Technology (Zhe jiang) Co Ltd,1
JA Solar Technology Co Ltd | FOXESS CO LTD | nan,1
JA Solar Technology Co Ltd | Suzhou Bytewatt Technology Co Ltd | nan,1
DAS SOLAR CO LTD | Anker innovations Limited | Anker Innovations Limited,1
Anhui Huasun Energy Co Ltd | Guangzhou Sanjing Electric Co Ltd | nan,1
LONGi Green Energy Technology Co Ltd | Jiangsu Weiheng Intelligent Technology Co Ltd | nan,1
Risen Energy Co Ltd | Sigenergy Technology Co Ltd | Shanghai SIGEN New Energy Technology Co Ltd,1
Trina Solar Co Ltd | Regulator | nan,1
JA Solar Technology Co Ltd | SolaX Power Network Technology (Zhejiang) Co Ltd | SolaX Power Network Technology (Zhe jiang) Co Ltd,1
JA Solar Technology Co Ltd | Dongguan Hinen New Energy Technology Co Ltd | Dongguan Hinen New Energy Technology Co Ltd,1
"CSI Solar Co Ltd | Shanghai Sieyuan Watten Technology Co Ltd | Shanghai Sieyuan Watten Technology Co., Ltd",1
REC Solar Pte Ltd | SolarEdge Technologies Ltd | Shanghai SIGEN New Energy Technology Co Ltd,1
Tongwei Co Ltd | Anker Innovations Limited | Anker Innovations Limited,1
LONGi Green Energy Technology Co Ltd | iStore (QLD) Pty Ltd | iStore (QLD) Pty Ltd,1
LONGi Green Energy Technology Co Ltd | Anker innovations Limited | nan,1
CSI Solar Co Ltd | iStore (QLD) Pty Ltd | iStore (QLD) Pty Ltd,1
JA Solar Technology Co Ltd | FOXESS Co Ltd | FOXESS Co Ltd,1
Trina Solar Co Ltd | NingBo Deye Inverter Technology Co Ltd | Dyness Digital Energy Technology Co Ltd,1
DAS SOLAR CO LTD | Tesla Inc | nan,1
Trina Solar Co Ltd | NingBo Deye Inverter Technology Co Ltd | nan,1
Jiangsu Runergy New Energy Technology Co Ltd | AISWEI Technology (Shanghai) Co Ltd | nan,1
Tongwei Co Ltd | SolaX Power Network Technology (Zhejiang) Co Ltd | SolaX Power Network Technology (Zhe jiang) Co Ltd,1
Jinko Solar Co Ltd | Anker innovations Limited | nan,1
LONGi Green Energy Technology Co Ltd | FOXESS CO LTD | nan,1
CSI Solar Co Ltd | GoodWe Technologies Co Ltd | Guangzhou Sanjing Electric Co Ltd,1
Hengdian Group DMEGC Magnetics Co Ltd | SUNGROW POWER SUPPLY CO LTD | nan,1
JA Solar Technology Co Ltd | Fronius Australia Pty Ltd | Shenzhen BYD Electronics Co Ltd,1
Hengdian Group DMEGC Magnetics Co Ltd | Dongguan Hinen New Energy Technology Co Ltd | Dongguan Hinen New Energy Technology Co Ltd,1
Changzhou EGing Photovoltaic Technology Co Ltd | NingBo Deye Inverter Technology Co Ltd | NINGBO DEYE ESS TECHNOLOGY CO LTD,1
JA Solar Technology Co Ltd | Dongguan Hinen New Energy Technology Co Ltd | nan,1
CSI Solar Co Ltd | Dongguan Hinen New Energy Technology Co Ltd | Dongguan Hinen New Energy Technology Co Ltd,1
DAS SOLAR CO LTD | SUNGROW POWER SUPPLY CO LTD | nan,1
Changzhou EGing Photovoltaic Technology Co Ltd | Sungrow Power Supply Co Ltd | Sungrow,1
CSI Solar Co Ltd | Ginlong Technologies Co Ltd | DAQIN NEW ENERGY TECH (TAIZHOU) CO LTD,1
Risen Energy Co Ltd | FOXESS CO LTD | FOXESS Co Ltd,1
Trina Solar Co Ltd | Anker Innovations Limited | Anker Innovations Limited,1
DAS SOLAR CO LTD | NingBo Deye Inverter Technology Co Ltd | NINGBO DEYE ESS TECHNOLOGY CO LTD,1
CSI Solar Co Ltd | FOXESS CO LTD | FOXESS CO LTD,1
Zhejiang Sunpro Power Technology co Ltd | Alpha ESS Co Ltd | Alpha ESS Co Ltd,1
Chint New Energy Technology Co Ltd | Shenzhen Growatt New Energy Co Ltd | Shenzhen Growatt New Energy Co Ltd,1
JA Solar Technology Co Ltd | Anker Innovations Limited | nan,1
Hengdian Group DMEGC Magnetics Co Ltd | Shenzhen SOFARSOLAR Co Ltd | nan,1
Zhejiang Aiko Solar Technology Co Ltd | Enphase Energy Inc | Enphase Energy Inc,1
Hengdian Group DMEGC Magnetics Co Ltd | SolaX Power Network Technology (Zhejiang) Co Ltd | SolaX Power Network Technology (Zhe jiang) Co Ltd,1
Tongwei Co Ltd | NingBo Deye Inverter Technology Co Ltd | Ningbo Deye Ess Technology Co Ltd,1
DAH Solar Co Ltd | AISWEI Technology (Shanghai) Co Ltd | Alpha ESS Co Ltd,1
Win Win Precision Technology Co Ltd | SMA AUSTRALIA PTY LTD | nan,1
LONGi Green Energy Technology Co Ltd | GoodWe Technologies Co Ltd | Shenzhen SOFAR SOLAR Co Ltd,1
Shanghai Aerospace Automobile Electromechanical Co Ltd | FOXESS Co Ltd | nan,1
Trina Solar Co Ltd | Shenzhen SOFARSOLAR Co Ltd | nan,1
"CSI Solar Co Ltd | GoodWe Technologies Co Ltd | Shanghai Sieyuan Watten Technology Co., Ltd",1
Jinko Solar Co Ltd | GoodWe Technologies Co Ltd | Shenzhen GivEnergy Co Ltd,1
Risen Energy Co Ltd | Shenzhen SOFARSOLAR Co Ltd | Shenzhen SOFAR SOLAR Co Ltd,1
JA Solar Technology Co Ltd | NingBo Deye Inverter Technology Co Ltd | nan,1
Hengdian Group DMEGC Magnetics Co Ltd | Tesla Inc | Tesla Inc,1
AXITEC Energy GmbH & Co KG | Shanghai SIGEN New Energy Technology Co Ltd | nan,1
Tongwei Co Ltd | Fronius Australia Pty Ltd | Shenzhen BYD Electronics Co Ltd,1
DAS SOLAR CO LTD | Dongguan Hinen New Energy technology Co Ltd | Dongguan Hinen New Energy Technology Co Ltd,1
Hanersun Energy Co Ltd | GoodWe Technologies Co Ltd | nan,1
JA Solar Technology Co Ltd | FOXESS CO LTD | FOXESS CO LTD,1
Jinko Solar Co Ltd | Delta Electronics Inc | nan,1
Changzhou EGing Photovoltaic Technology Co Ltd | SolaX Power Network Technology (Zhejiang) Co Ltd | SolaX Power Network Technology (Zhe jiang) Co Ltd,1
Ningbo Ulica Solar Co Ltd | NingBo Deye Inverter Technology Co Ltd | DAQIN NEW ENERGY TECH (TAIZHOU) CO LTD,1
LONGi Green Energy Technology Co Ltd | Shenzhen SOFARSOLAR Co Ltd | Shenzhen SOFAR SOLAR Co Ltd,1
AE SOLAR GmbH | Shanghai SIGEN New Energy Technology Co Ltd | Shanghai SIGEN New Energy Technology Co Ltd,1
AE SOLAR GmbH | Tesla Inc | nan,1
Jinko Solar Co Ltd | Jiangsu Weiheng Intelligent Technology Co Ltd | nan,1
Risen Energy Co Ltd | Shenzhen GivEnergy Co Ltd | Shenzhen GivEnergy Co Ltd,1
Hanersun Energy Co Ltd | Guangzhou Sanjing Electric Co Ltd | nan,1
Tongwei Co Ltd | Shenzhen Growatt New Energy Co Ltd | Shenzhen Growatt New Energy Co Ltd,1
Zhejiang Sunpro Power Technology co Ltd | Guangzhou Sanjing Electric Co Ltd | Guangzhou Sanjing Electric Co Ltd,1
Trina Solar Co Ltd | SolaX Power Network Technology (Zhejiang) Co Ltd | SolaX Power Network Technology (Zhe jiang) Co Ltd,1
Trina Solar Co Ltd | SolaX Power Network Technology (Zhejiang) Co Ltd | nan,1
Changzhou EGing Photovoltaic Technology Co Ltd | Shanghai SIGEN New Energy Technology Co Ltd | nan,1
Jinko Solar Co Ltd | Maxeon Solar Technologies Ltd | Maxeon Solar Technologies Ltd,1
Wuxi Suntech Power Co Ltd | Enphase Energy Inc | nan,1
Zhejiang Aiko Solar Technology Co Ltd | AISWEI Technology Co Ltd | AISWEI New Energy Technology (Yangzhong) Co Ltd,1
Jinko Solar Co Ltd | Bytewatt Technology Co Ltd | nan,1
CSI Solar Co Ltd | Sungrow Power Supply Co Ltd | Alpha ESS Co Ltd,1
GoodWe (GuangDe) Power Supply Technology Co Ltd | GoodWe Technologies Co Ltd | nan,1
AE SOLAR GmbH | Dongguan Hinen New Energy Technology Co Ltd | Dongguan Hinen New Energy technology Co Ltd,1
REC Solar Pte Ltd | ESY Sunhome Co Ltd | ESY SUNHOME CO LTD,1
Tongwei Co Ltd | Shanghai SIGEN New Energy Technology Co Ltd | nan,1
CSI Solar Co Ltd | NOARK Electrics (Shanghai) Co Ltd | nan,1
DAS SOLAR CO LTD | Ginlong Technologies Co Ltd | NINGBO DEYE ESS TECHNOLOGY CO LTD,1
Ningbo Ulica Solar Co Ltd | Delta Electronics Inc | nan,1
JA Solar Technology Co Ltd | Regulator | nan,1
JiangSu Seraphim Solar System Co Ltd | FOXESS CO LTD | nan,1
JA Solar Technology Co Ltd | NingBo Deye Inverter Technology Co Ltd | Ningbo Deye Ess Technology Co Ltd,1
JA Solar Technology Co Ltd | AISWEI Technology (Shanghai) Co Ltd | nan,1
Changzhou EGing Photovoltaic Technology Co Ltd | Ginlong Technologies Co Ltd | Dyness Digital Energy Technology Co Ltd,1
Tindo Operations Co Pty Ltd | Fronius Australia Pty Ltd | nan,1
Trina Solar Co Ltd | Guangzhou Sanjing Electric Co Ltd | Guangzhou Sanjing Electric Co Ltd,1
AE SOLAR GmbH | Shanghai SIGEN New Energy Technology Co Ltd | nan,1
Maxeon Solar Technologies Ltd | Shanghai SIGEN New Energy Technology Co Ltd | nan,1
AE SOLAR GmbH | Solax Power Network Technology (Zhe jiang) Co Ltd | nan,1
AXITEC Energy GmbH & Co KG | Delta Electronics Inc | nan,1
Tindo Operations Co Pty Ltd | Redback Operations Pty Ltd | Redback Operations Pty Ltd,1
JA Solar Technology Co Ltd | iStore (QLD) Pty Ltd | iStore (QLD) Pty Ltd,1
Zhejiang Sunpro Power Technology co Ltd | SolaX Power Network Technology (Zhe jiang) Co Ltd | nan,1
Hanwha Q CELLS Australia pty Ltd | Sungrow Power Supply Co Ltd | Sungrow Power Supply Co Ltd,1
Jinko Solar Co Ltd | REDX TECHNOLOGY AUSTRALIA PTY LTD | REDX TECHNOLOGY AUSTRALIA PTY LTD,1
CSI Solar Co Ltd | Fronius Australia Pty Ltd | Powerplus Energy Pty Ltd,1
DAH Solar Co Ltd | Jinko Solar Co Ltd | nan,1
Yingli Energy Development Co Ltd | Suzhou Hypontech Co Ltd | nan,1
Risen Energy Co Ltd | SolarEdge Technologies Ltd | Tesla Inc,1
LONGi Green Energy Technology Co Ltd | Delta Electronics Inc | nan,1
LONGi Green Energy Technology Co Ltd | NingBo Deye Inverter Technology Co Ltd | Shenzhen OLiPower Energy & Automation Technology Co Ltd,1
Trina Solar Co Ltd | Sungrow Power Supply Co Ltd | Alpha ESS Co Ltd,1
DAS SOLAR CO LTD | NingBo Deye Inverter Technology Co Ltd | RedEarth Energy Storage Ltd,1
Jinneng Clean Energy Technology Ltd | Guangzhou Sanjing Electric Co Ltd | nan,1
Shanghai JA Solar Technology Co Ltd | NingBo Deye Inverter Technology Co Ltd | nan,1
AE Solar GmbH | Fronius Australia Pty Ltd | nan,1
Suzhou Akcome Optronics Science & Technology Co Ltd | SolarEdge Technologies Ltd | nan,1
LONGi Green Energy Technology Co Ltd | Fronius Australia Pty Ltd | BYD Company Limited,1
Tongwei Solar (Hefei) Co Ltd | SUNSYNK AUSTRALIA PTY LTD | nan,1
CSI Solar Co Ltd | Fronius Australia Pty Ltd | Tesla Inc,1
Zhejiang Sunpro Power Technology co Ltd | Guangzhou Sanjing Electric Co Ltd | nan,1
Phono Solar Technology Co Ltd | Fronius Australia Pty Ltd | Shenzhen BYD Electronics Co Ltd,1
Seraphim Solar System Co Ltd | Sungrow Power Supply Co Ltd | SUNGROW AUSTRALIA GROUP PTY LTD,1
Risen Energy Co Ltd | SolaX Power Network Technology Zhejiang Co Ltd | SolaX Power Network Technology (Zhe jiang) Co Ltd,1
AXITEC Energy GmbH & Co KG | Ginlong Technologies Co Ltd | nan,1
Tongwei Solar (Hefei) Co Ltd | Fronius Australia Pty Ltd | Shenzhen BYD Electronics Co Ltd,1
Jinko Solar Co Ltd | REDBACK OPERATIONS PTY LTD | nan,1
Shanghai JA Solar Technology Co Ltd | Jinko Solar Co Ltd | Jinko Solar Co Ltd,1
Risen Energy Co Ltd | Jiangsu Weiheng Intelligent Technology Co Ltd | Jiangsu Weiheng Intelligent Technology Co Ltd,1
Shanghai JA Solar Technology Co Ltd | iStore (QLD) Pty Ltd | nan,1
Phono Solar Technology Co Ltd | SolaX Power Network Technology Zhejiang Co Ltd | nan,1
Tongwei Solar (Hefei) Co Ltd | GoodWe Technologies Co Ltd | Tesla Inc,1
Risen Energy Co Ltd | NingBo Deye Inverter Technology Co Ltd | Daqin New Energy Tech (Taizhou) Co Ltd,1
Hengdian Group DMEGC Magnetics Co Ltd | Ginlong Technologies Co Ltd | nan,1
Wuxi Suntech Power Co Ltd | Asian Power Devices Inc | nan,1
Seraphim Solar System Co Ltd | SolaX Power Network Technology Zhejiang Co Ltd | Solax Power Network Technology (Zhe jiang) Co Ltd,1
Shanghai JA Solar Technology Co Ltd | SUNSYNK AUSTRALIA PTY LTD | RedEarth Energy Storage Ltd,1
Trina Solar Co Ltd | Fimer SpA | nan,1
Sharp Solar Solution Asia Co Ltd | Guangzhou Sanjing Electric Co Ltd | nan,1
Risen Energy Co Ltd | JIANGSU GOODWE POWER SUPPLY TECHNOLOGY CO LTD | nan,1
Wuxi Suntech Power Co Ltd | Enphase Energy Inc | Enphase Energy Inc,1
Risen Energy Co Ltd | GoodWe Technologies Co Ltd | Jiangsu Weiheng Intelligent Technology Co Ltd,1
ZNSHINE PV-TECH CO LTD | GoodWe Technologies Co Ltd | nan,1
MINGYANG SOLAR CO LTD | Sungrow Power Supply Co Ltd | nan,1
EEMU Pty Ltd T/A Ausgem Energy | Shenzhen Growatt New Energy Technology Co Ltd | nan,1
Tongwei Solar (Hefei) Co Ltd | Sungrow Power Supply Co Ltd | Tesla Inc,1
Tongwei Solar (Hefei) Co Ltd | ESY Sunhome Co Ltd | nan,1
Jinko Solar Co Ltd | GoodWe Technologies Co Ltd | SENEC GmbH,1
Hanwha Q CELLS GmbH | Fronius Australia Pty Ltd | Shenzhen BYD Electronics Co Ltd,1
Maxeon Solar Technologies Ltd | iStore (QLD) Pty Ltd | nan,1
Shenzhen Aiko Digital Energy Technology Co Ltd | Sungrow Power Supply Co Ltd | FranklinWH Technologies Co Ltd,1
Jinko Solar Co Ltd | SolarEdge Technologies Ltd | Tesla Inc,1
Maxeon Solar Technologies Ltd | SMA Australia Pty Ltd | nan,1
JiangSu Seraphim Solar System Co Ltd | SolaX Power Network Technology (Zhe jiang) Co Ltd | Solax Power Network Technology (Zhe jiang) Co Ltd,1
Chint New Energy Technology Co Ltd | Sungrow Power Supply Co Ltd | SUNGROW AUSTRALIA GROUP PTY LTD,1
Hengdian Group DMEGC Magnetics Co Ltd | Shenzhen SOFARSOLAR Co Ltd | Guang Dong Redx Electrical Technology Limited,1
REC Solar Pte Ltd | GoodWe Technologies Co Ltd | Alpha ESS Co Ltd,1
Changzhou EGing Photovoltaic Technology Co Ltd | SolaX Power Network Technology (Zhe jiang) Co Ltd | Solax Power Network Technology (Zhe jiang) Co Ltd,1
Chint New Energy Technology Co Ltd | Suzhou Bytewatt Technology Co Ltd | Suzhou Bytewatt Technology Co Ltd,1
Wuxi Suntech Power Co Ltd | Fronius Australia Pty Ltd | Shenzhen BYD Electronics Co Ltd,1
Jinneng Clean Energy Technology Ltd | Sungrow Power Supply Co Ltd | nan,1
Changzhou EGing Photovoltaic Technology Co Ltd | Shenzhen Growatt New Energy Co Ltd | Alpha ESS Co Ltd,1
Maxeon Solar Technologies Ltd | SolarEdge Technologies Ltd | nan,1
LONGi Green Energy Technology Co Ltd | iStore (QLD) Pty Ltd | Solargain (Qld) Pty Ltd,1
Shanghai Aerospace Automobile Electromechanical Co Ltd | SolaX Power Network Technology Zhejiang Co Ltd | SolaX Power Network Technology Zhejiang Co Ltd,1
Risen Energy Co Ltd | SolaX Power Network Technology Zhejiang Co Ltd | Solax Power Network Technology (Zhe jiang) Co Ltd,1
Leapton Solar Changshu Co Ltd | SolarEdge Technologies Ltd | nan,1
CSI Solar Co Ltd | LG Energy Solution Ltd | LG Energy Solution Ltd,1
Tongwei Solar (Hefei) Co Ltd | GoodWe Technologies Co Ltd | GoodWe Technologies Co Ltd,1
Chint New Energy Technology Co Ltd | SolarEdge Technologies Ltd | nan,1
DAH Solar Co Ltd | Hoymiles Power Electronics Inc | nan,1
Wuxi Suntech Power Co Ltd | Shenzhen Growatt New Energy Co Ltd | Shenzhen Growatt New Energy Co Ltd,1
Changzhou EGing Photovoltaic Technology Co Ltd | LG Energy Solution Ltd | LG Energy Solution Ltd,1
Changzhou EGing Photovoltaic Technology Co Ltd | Sungrow Power Supply Co Ltd | SUNGROW AUSTRALIA GROUP PTY LTD,1
Hyundai Energy Solutions Co Ltd | FOXESS Co Ltd | nan,1
Hanwha Q CELLS Australia pty ltd | SolaX Power Network Technology (Zhe jiang) Co Ltd | nan,1
Shanghai JA Solar Technology Co Ltd | GoodWe Technologies Co Ltd | Jiangsu GoodWe Power Supply Technology Co Ltd,1
Suzhou Akcome Optronics Science & Technology Co Ltd | Sungrow Power Supply Co Ltd | SUNGROW AUSTRALIA GROUP PTY LTD,1
ZNSHINE PV-TECH Co Ltd | Sungrow Power Supply Co Ltd | nan,1
Shanghai JA Solar Technology Co Ltd | GoodWe Technologies Co Ltd | LG Energy Solution Ltd,1
Sunman (Zhenjiang) Company Limited | Huawei Technologies Co Ltd | nan,1
Tongwei Solar (Hefei) Co Ltd | SENEC GmbH | SENEC GmbH,1
Suzhou Akcome Optronics Science & Technology Co Ltd | SolarEdge Technologies Ltd | SolarEdge Technologies Ltd,1
Yingli Energy Development Co Ltd | Fronius Australia Pty Ltd | nan,1
Shanghai Aerospace Automobile Electromechanical Co Ltd | SolaX Power Network Technology Zhejiang Co Ltd | nan,1
Changzhou EGing Photovoltaic Technology Co Ltd | Jiangsu Weiheng Intelligent Technology Co Ltd | Jiangsu Weiheng Intelligent Technology Co Ltd,1
Shanghai JA Solar Technology Co Ltd | Ginlong Technologies Co Ltd | Daqin New Energy Tech (Taizhou) Co Ltd,1
LONGi Green Energy Technology Co Ltd | REDBACK OPERATIONS PTY LTD | nan,1
Leapton Solar Changshu Co Ltd | Sungrow Power Supply Co Ltd | nan,1
Changzhou EGing Photovoltaic Technology Co Ltd | NingBo Deye Inverter Technology Co Ltd | Shenzhen OLiPower Energy & Automation Technology Co Ltd,1
Yingli Energy (China) Company Limited | Alpha ESS Co Ltd | Alpha ESS Co Ltd,1
Yingli Energy Development Co Ltd | Sungrow Power Supply Co Ltd | SUNGROW AUSTRALIA GROUP PTY LTD,1
Yingli Energy Development Co Ltd | Alpha ESS Co Ltd | Alpha ESS Co Ltd,1
Trina Solar Co Ltd | Enphase Energy Inc | Tesla Inc,1
Maxeon Solar Technologies Ltd | Enphase Energy Australia Pty. Ltd. | nan,1
Jinko Solar Co Ltd | GoodWe Technologies Co Ltd | FranklinWH Technologies Co Ltd,1
Leapton Solar Changshu Co Ltd | SMA Australia Pty Ltd | nan,1
LONGi Green Energy Technology Co Ltd | Fronius Australia Pty Ltd | Tesla Inc,1
Hanwha Q CELLS GmbH | Fronius Australia Pty Ltd | Tesla Inc,1
Hanwha Q CELLS GmbH | SMA Australia Pty Ltd | nan,1
LONGi Green Energy Technology Co Ltd | SolaX Power Network Technology (Zhe jiang) Co Ltd | SolaX Power Network Technology Zhejiang Co Ltd,1
CSI Solar Co Ltd | Enphase Energy Inc | Enphase Energy Inc,1
ZNSHINE PV-TECH CO LTD | Guangzhou Sanjing Electric Co Ltd | nan,1
Jinko Solar Co Ltd | REDX TECHNOLOGY AUSTRALIA PTY LTD | nan,1
Wuxi Suntech Power Co Ltd | GoodWe Technologies Co Ltd | Shenzhen BYD Electronics Co Ltd,1
SunPower Corporation | Fronius Australia Pty Ltd | nan,1
Wuxi Suntech Power Co Ltd | Huawei Technologies Co Ltd | nan,1
CSI Solar Co Ltd | Sungrow Power Supply Co Ltd | Pylon Technologies Co Ltd,1
Changzhou EGing Photovoltaic Technology Co Ltd | Fimer SpA | nan,1
Tongwei Solar (Hefei) Co Ltd | Redback Operations Pty Ltd | Redback Operations Pty Ltd,1
HD Hyundai Energy Solutions CO LTD | Fronius Australia Pty Ltd | nan,1
Shanghai JA Solar Technology Co Ltd | SolarEdge Technologies Ltd | SolarEdge Technologies Ltd,1
ZNSHINE PV-TECH Co Ltd | Shenzhen SOFARSOLAR Co Ltd | nan,1
Shanghai JA Solar Technology Co Ltd | Redback Operations Pty Ltd | Pylon Technologies Co Ltd,1
LONGi Green Energy Technology Co Ltd | Huawei Technologies Co Ltd | Tesla Inc,1
Tongwei Solar (Hefei) Co Ltd | SMA Australia Pty Ltd | nan,1
Jinko Solar Co Ltd | Enphase Energy Inc | SONNEN AUSTRALIA PTY LIMITED,1
ZNSHINE PV-TECH Co Ltd | Ginlong Technologies Co Ltd | nan,1
Jinko Solar Co Ltd | Ningbo Sunways Technologies Co Ltd | nan,1
Jinko Solar Co Ltd | Sungrow Power Supply Co Ltd | FranklinWH Technologies Co Ltd,1
Changzhou EGing Photovoltaic Technology Co Ltd | SolarEdge Technologies Ltd | FranklinWH Technologies Co Ltd,1
REC Solar Pte Ltd | Ginlong Technologies Co Ltd | nan,1
OMNIS POWER USA INC | Guangzhou Sanjing Electric Co Ltd | nan,1
Maxeon Solar Technologies Ltd | GoodWe Technologies Co Ltd | FranklinWH Technologies Co Ltd,1
Risen Energy Co Ltd | SolaX Power Network Technology (Zhe jiang) Co Ltd | SolaX Power Network Technology Zhejiang Co Ltd,1
Hanwha Q CELLS GmbH | Shenzhen Growatt New Energy Co Ltd | nan,1
Shanghai JA Solar Technology Co Ltd | SolaX Power Network Technology Zhejiang Co Ltd | Solax Power Network Technology (Zhe jiang) Co Ltd,1
Hanwha Q CELLS GmbH | Ginlong Technologies Co Ltd | nan,1
ReneSola Zhangjiagang Co Ltd | Shenzhen Growatt New Energy Co Ltd | nan,1
Maxeon Solar Technologies Ltd | GoodWe Technologies Co Ltd | Alpha ESS Co Ltd,1
Chint New Energy Technology Co Ltd | GoodWe Technologies Co Ltd | Tesla Inc,1
ZNSHINE PV-TECH Co Ltd | Fronius Australia Pty Ltd | nan,1
LONGi Green Energy Technology Co Ltd | Redback Operations Pty Ltd | nan,1
Risen Energy Co Ltd | GoodWe Technologies Co Ltd | Daqin New Energy Tech (Taizhou) Co Ltd,1
CSI Solar Co Ltd | SMA Australia Pty Ltd | nan,1
Hanwha Q CELLS Australia pty Ltd | Huawei Technologies Co Ltd | nan,1
Jinko Solar Co Ltd | Enphase Energy Inc | SUNGROW AUSTRALIA GROUP PTY LTD,1
EEMU Pty Ltd T/A Ausgem Energy | Sungrow Power Supply Co Ltd | SUNGROW AUSTRALIA GROUP PTY LTD,1
Hanwha Q CELLS Australia pty ltd | GoodWe Technologies Co Ltd | Alpha ESS Co Ltd,1
Changzhou EGing Photovoltaic Technology Co Ltd | Alpha ESS Co Ltd | nan,1
Yingli Energy (China) Company Limited | GoodWe Technologies Co Ltd | nan,1
Shanghai JA Solar Technology Co Ltd | Fronius Australia Pty Ltd | Shenzhen BYD Electronics Co Ltd,1
Hanwha Q CELLS Australia pty Ltd | Alpha ESS Co Ltd | Alpha ESS Co Ltd,1
Jolywood (Taizhou) Solar Technology Co Ltd | Shenzhen Growatt New Energy Co Ltd | nan,1
Jinko Solar Co Ltd | Shenzhen Growatt New Energy Co Ltd | Alpha ESS Co Ltd,1
JA Solar Technology Co Ltd | GoodWe Technologies Co Ltd | Tesla Inc,1
Zhejiang Sunpro Power Technology co Ltd | SolaX Power Network Technology Zhejiang Co Ltd | nan,1
GoodWe (GuangDe) Power Supply Technology Co Ltd | Alpha ESS Co Ltd | Alpha ESS Co Ltd,1
Shanghai JA Solar Technology Co Ltd | ESY Sunhome Co Ltd | ESY SUNHOME CO LTD,1
Shanghai Aerospace Automobile Electromechanical Co Ltd | GoodWe Technologies Co Ltd | Alpha ESS Co Ltd,1
DAH Solar Co Ltd | 8 STAR ENERGY PTY LTD | nan,1
Jinko Solar Co Ltd | Fronius Australia Pty Ltd | FranklinWH Technologies Co Ltd,1
Yingli Energy (China) Company Limited | Fronius Australia Pty Ltd | nan,1
LONGi Green Energy Technology Co Ltd | Enphase Energy Inc | Tesla Inc,1
Zhejiang Aiko Solar Technology Co Ltd | AISWEI Technology Co Ltd | nan,1
Jolywood (Taizhou) Solar Technology Co Ltd | Sungrow Power Supply Co Ltd | SUNGROW AUSTRALIA GROUP PTY LTD,1
DAS SOLAR CO LTD | AISWEI Technology Co Ltd | AISWEI New Energy Technology (Yangzhong) Co Ltd,1
Jinko Solar Co Ltd | SolarEdge Technologies Ltd | Sungrow Power Supply Co Ltd,1
Jiangsu Runergy New Energy Technology Co Ltd | Suzhou Hypontech Co Ltd | nan,1
JiangSu Seraphim Solar System Co Ltd | Suzhou Bytewatt Technology Co Ltd | Suzhou Bytewatt Technology Co Ltd,1
Jinko Solar Co Ltd | Sungrow Power Supply Co Ltd | SONNEN AUSTRALIA PTY LIMITED,1
Jiangsu Runergy New Energy Technology Co Ltd | SolaX Power Network Technology (Zhe jiang) Co Ltd | nan,1
JiangSu Seraphim Solar System Co Ltd | SMA AUSTRALIA PTY LTD | nan,1
Jolywood (Taizhou) Solar Technology Co Ltd | FOXESS CO LTD | nan,1
Zhejiang Aiko Solar Technology Co Ltd | GoodWe Technologies Co Ltd | DAQIN NEW ENERGY TECH (TAIZHOU) CO LTD,1
Changzhou EGing Photovoltaic Technology Co Ltd | Huawei Technologies Co Ltd | nan,1
Shanghai Aerospace Automobile Electromechanical Co Ltd | Fimer SpA | nan,1
Hengdian Group DMEGC Magnetics CO Ltd | Guangzhou Sanjing Electric Co Ltd | nan,1
JA Solar Technology Co Ltd | GoodWe Technologies Co Ltd | Jiangsu GoodWe Power Supply Technology Co Ltd,1
DAS SOLAR CO LTD | Sungrow Power Supply Co Ltd | Redback Operations Pty Ltd,1
Zhejiang Sunpro Power Technology co Ltd | GoodWe Technologies Co Ltd | GoodWe Technologies Co Ltd,1
Jinko Solar Co Ltd | Enphase Energy Australia Pty. Ltd. | SONNEN AUSTRALIA PTY LIMITED,1
JiangSu Seraphim Solar System Co Ltd | Suzhou Bytewatt Technology Co Ltd | nan,1
Wuxi Suntech Power Co Ltd | iStore (QLD) Pty Ltd | iStore (QLD) Pty Ltd,1
"Tongwei Co Ltd | GoodWe Technologies Co Ltd | Shanghai Sieyuan Watten Technology Co., Ltd",1
CSI Solar Co Ltd | NingBo Deye Inverter Technology Co Ltd | BSL New Energy Technology Co Ltd,1
Anhui Huasun Energy Co Ltd | Suzhou Bytewatt Technology Co Ltd | Suzhou Bytewatt Technology Co Ltd,1
Trina Solar Co Ltd | Ginlong Technologies Co Ltd | Dyness,1
Jinko Solar Co Ltd | FOXESS Co Ltd | FOXESS Co Ltd,1
LONGi Green Energy Technology Co Ltd | SolarEdge Technologies Ltd | Alpha ESS Co Ltd,1
DAS SOLAR CO LTD | NingBo Deye Inverter Technology Co Ltd | Dyness,1
Tongwei Solar (Hefei) Co Ltd | ALTENERGY POWER SYSTEM INC | nan,1
Shanghai Aerospace Automobile Electromechanical Co Ltd | 8 STAR ENERGY PTY LTD | nan,1
Risen Energy Co Ltd | NOARK Electrics (Shanghai) Co Ltd | nan,1
JiangSu Seraphim Solar System Co Ltd | NingBo Deye Inverter Technology Co Ltd | Shangahi PYTES Energy Co Ltd,1
Zhejiang Aiko Solar Technology Co Ltd | SolarEdge Technologies Ltd | Tesla Inc,1
LONGi Green Energy Technology Co Ltd | AISWEI Technology (Shanghai) Co Ltd | Alpha ESS Co Ltd,1
DAS SOLAR CO LTD | SolarEdge Technologies Ltd | Tesla Inc,1
Tindo Operations Co Pty Ltd | Enphase Energy Inc | Enphase Energy Inc,1
LONGi Green Energy Technology Co Ltd | ALTENERGY POWER SYSTEM INC | nan,1
Tongwei Co Ltd | Delta Electronics Inc | nan,1
Wuxi Suntech Power Co Ltd | ALTENERGY POWER SYSTEM INC | nan,1
Trina Solar Co Ltd | Jinko Solar Co Ltd | Shenzhen Growatt New Energy Co Ltd,1
"Jolywood (Taizhou) Solar Technology Co Ltd | Sieyuan Electric Co Ltd | Shanghai Sieyuan Watten Technology Co., Ltd",1
LONGi Green Energy Technology Co Ltd | iStore (QLD) Pty Ltd | Huawei Technologies Co Ltd,1
Risen Energy Co Ltd | FOXESS Co Ltd | nan,1
Chint New Energy Technology Co Ltd | FOXESS Co Ltd | nan,1
Risen Energy Co Ltd | NingBo Deye Inverter Technology Co Ltd | DAQIN NEW ENERGY TECH (TAIZHOU) CO LTD,1
JiangSu Seraphim Solar System Co Ltd | Delta Electronics Inc | nan,1
Phono Solar Technology Co Ltd | SolaX Power Network Technology (Zhe jiang) Co Ltd | SolaX Power Network Technology (Zhe jiang) Co Ltd,1
Risen Energy Co Ltd | Suzhou Bytewatt Technology Co Ltd | Suzhou Bytewatt Technology Co Ltd,1
LONGi Green Energy Technology Co Ltd | Shenzhen Growatt New Energy Co Ltd | Alpha ESS Co Ltd,1
Risen Energy Co Ltd | Redback Operations Pty Ltd | Pylon Technologies Co Ltd,1
HANWHA Q CELLS AUSTRALIA PTY LTD | GoodWe Technologies Co Ltd | nan,1
LONGi Green Energy Technology Co Ltd | NingBo Deye Inverter Technology Co Ltd | RedEarth Energy Storage Ltd,1
Yingli Energy Development Co Ltd | Sungrow Power Supply Co Ltd | nan,1
Shenzhen Aiko Digital Energy Technology Co Ltd | NingBo Deye Inverter Technology Co Ltd | NINGBO DEYE ESS TECHNOLOGY CO LTD,1
Risen Energy Co Ltd | NingBo Deye Inverter Technology Co Ltd | NINGBO DEYE ESS TECHNOLOGY CO LTD,1
Jinko Solar Co Ltd | Sungrow Power Supply Co Ltd | Alpha ESS Co Ltd,1
REC Solar Pte Ltd | AISWEI Technology (Shanghai) Co Ltd | nan,1
Tongwei Co Ltd | Ginlong Technologies Co Ltd | LG Energy Solution Ltd,1
Shenzhen Aiko Digital Energy Technology Co Ltd | NingBo Deye Inverter Technology Co Ltd | Ningbo Deye Ess Technology Co Ltd,1
JiangSu Seraphim Solar System Co Ltd | SolaX Power Network Technology (Zhe jiang) Co Ltd | SolaX Power Network Technology Zhejiang Co Ltd,1
Zhejiang Aiko Solar Technology Co Ltd | Shenzhen SOFARSOLAR Co Ltd | nan,1
Shanghai JA Solar Technology Co Ltd | Hiconics Eco-energy Drive Technology Co Ltd | Hiconics Eco-energy Drive Technology Co Ltd,1
8 Star Energy Pty Ltd | Sungrow Power Supply Co Ltd | Sungrow Power Supply Co Ltd,1
LONGi Green Energy Technology Co Ltd | Shanghai Sieyuan Watten Technology Co Ltd | nan,1
Jolywood (Taizhou) Solar Technology Co Ltd | Alpha ESS Co Ltd | Alpha ESS Co Ltd,1
DAS SOLAR CO LTD | Sungrow Power Supply Co Ltd | Sungrow,1
Tongwei Co Ltd | Ginlong Technologies Co Ltd | Daqin New Energy Tech (Taizhou) Co Ltd,1
Tongwei Solar (Hefei) Co Ltd | Redback Operations Pty Ltd | nan,1
Changzhou EGing Photovoltaic Technology Co Ltd | Enphase Energy Inc | nan,1
Trina Solar Co Ltd | AISWEI Technology Co Ltd | nan,1
Zhejiang Aiko Solar Technology Co Ltd | Regulator | nan,1
Trina Solar Co Ltd | Sungrow Power Supply Co Ltd | FranklinWH Technologies Co Ltd,1
Yingli Energy Development Co Ltd | Shenzhen Growatt New Energy Co Ltd | nan,1
DAS SOLAR CO LTD | Sungrow Power Supply Co Ltd | SUNGROW AUSTRALIA GROUP PTY LTD,1
Changzhou EGing Photovoltaic Technology Co Ltd | Ginlong Technologies Co Ltd | Daqin New Energy Tech (Taizhou) Co Ltd,1
REC Solar Pte Ltd | SolaX Power Network Technology Zhejiang Co Ltd | nan,1
Hyundai Energy Solutions Co Ltd | Fronius Australia Pty Ltd | Tesla Inc,1
Changzhou EGing Photovoltaic Technology Co Ltd | SMA Australia Pty Ltd | nan,1
Changzhou EGing Photovoltaic Technology Co Ltd | SolaX Power Network Technology Zhejiang Co Ltd | Solax Power Network Technology (Zhe jiang) Co Ltd,1
Shenzhen Aiko Digital Energy Technology Co Ltd | AISWEI Technology Co Ltd | nan,1
8 Star Energy Pty Ltd | Sungrow Power Supply Co Ltd | SUNGROW AUSTRALIA GROUP PTY LTD,1
Jolywood (Taizhou) Solar Technology Co Ltd | FOXESS CO LTD | FOXESS Co Ltd,1
Sharp Solar Solution Asia Co Ltd | Huawei Technologies Co Ltd | SENEC GmbH,1
CSI Solar Co Ltd | ESY Sunhome Co Ltd | ESY Sunhome Co Ltd,1
Shanghai JA Solar Technology Co Ltd | Shanghai SIGEN New Energy Technology Co Ltd | Shanghai SIGEN New Energy Technology Co Ltd,1
Jinko Solar Co Ltd | Fronius Australia Pty Ltd | BYD Company Limited,1
Tongwei Solar (Hefei) Co Ltd | FOXESS Co Ltd | nan,1
Trina Solar Co Ltd | Soltaro Pty Ltd ATF Soltaro Unit Trust | Soltaro Pty Ltd ATF Soltaro Unit Trust,1
Yingli Energy Development Co Ltd | LAVO Life Pty Ltd | nan,1
Sharp Solar Solution Asia Co Ltd | SolarEdge Technologies Ltd | SolarEdge Technologies Ltd,1
8 Star Energy Pty Ltd | 8 STAR ENERGY PTY LTD | nan,1
JA Solar Technology Co Ltd | FOXESS Co Ltd | nan,1
LONGi Green Energy Technology Co Ltd | Sungrow Power Supply Co Ltd | FranklinWH Technologies Co Ltd,1
Risen Energy Co Ltd | LG Energy Solution Ltd | LG Energy Solution Ltd,1
Tongwei Solar (Hefei) Co Ltd | ESY Sunhome Co Ltd | ESY Sunhome Co Ltd,1
LONGi Green Energy Technology Co Ltd | Jinko Solar Co Ltd | Jinko Solar Co Ltd,1
Tongwei Solar (Hefei) Co Ltd | Shanghai SIGEN New Energy Technology Co Ltd | Shanghai SIGEN New Energy Technology Co Ltd,1
Tongwei Solar (Hefei) Co Ltd | Shenzhen Growatt New Energy Co Ltd | Shenzhen Growatt New Energy Co Ltd,1
Jolywood (Taizhou) Solar Technology Co Ltd | SolarEdge Technologies Ltd | nan,1
Tongwei Co Ltd | SolarEdge Technologies Ltd | SolarEdge Technologies Ltd,1
Maxeon Solar Technologies Ltd | iStore (QLD) Pty Ltd | Solargain (Qld) Pty Ltd,1
Wuxi Suntech Power Co Ltd | GoodWe Technologies Co Ltd | Sungrow Power Supply Co Ltd,1
DAS SOLAR CO LTD | NingBo Deye Inverter Technology Co Ltd | Daqin New Energy Tech (Taizhou) Co Ltd,1
JiangSu Seraphim Solar System Co Ltd | FOXESS Co Ltd | nan,1
Changzhou EGing Photovoltaic Technology Co Ltd | Shenzhen Growatt New Energy Co Ltd | Shenzhen Growatt New Energy Co Ltd,1
"Jolywood (Taizhou) Solar Technology Co Ltd | GoodWe Technologies Co Ltd | Shanghai Sieyuan Watten Technology Co., Ltd",1
REC Solar Pte Ltd | Sungrow Power Supply Co Ltd | FranklinWH Technologies Co Ltd,1
Jinko Solar Co Ltd | SMA AUSTRALIA PTY LTD | Tesla Inc,1
Trina Solar Co Ltd | SolaX Power Network Technology Zhejiang Co Ltd | nan,1
Hanwha Q CELLS Australia pty ltd | NingBo Deye Inverter Technology Co Ltd | DAQIN NEW ENERGY TECH (TAIZHOU) CO LTD,1
Jinko Solar Co Ltd | Sungrow Power Supply Co Ltd | Suzhou Bytewatt Technology Co Ltd,1
Trina Solar Co Ltd | Huawei Technologies Co Ltd | Huawei Technologies Co Ltd,1
Tindo Operations Co Pty Ltd | GoodWe Technologies Co Ltd | nan,1
Trina Solar Co Ltd | Alpha ESS Co Ltd | nan,1
Maxeon Solar Technologies Ltd | Sungrow Power Supply Co Ltd | Sungrow Power Supply Co Ltd,1
Shanghai Aerospace Automobile Electromechanical Co Ltd | Each Energy Technology (Suzhou) Co Ltd | nan,1
HD Hyundai Energy Solutions CO LTD | Shanghai SIGEN New Energy Technology Co Ltd | Shanghai SIGEN New Energy Technology Co Ltd,1
Shenzhen Aiko Digital Energy Technology Co Ltd | Sungrow Power Supply Co Ltd | Sungrow,1
Jinko Solar Co Ltd | Ginlong Technologies Co Ltd | Dyness,1
Tongwei Co Ltd | Huawei Technologies Co Ltd | nan,1
Changzhou EGing Photovoltaic Technology Co Ltd | GoodWe Technologies Co Ltd | Suzhou Bytewatt Technology Co Ltd,1
Hanwha Q CELLS GmbH | Shenzhen Growatt New Energy Co Ltd | Shenzhen Growatt New Energy Co Ltd,1
Wuxi Suntech Power Co Ltd | GoodWe Technologies Co Ltd | Jiangsu GoodWe Power Supply Technology Co Ltd,1
Wuxi Suntech Power Co Ltd | Jinko Solar Co Ltd | Jinko Solar Co Ltd,1
Shanghai JA Solar Technology Co Ltd | Ginlong Technologies Co Ltd | Suzhou Bytewatt Technology Co Ltd,1
CSI Solar Co Ltd | NingBo Deye Inverter Technology Co Ltd | Pylon Technologies Co Ltd,1
LONGi Green Energy Technology Co Ltd | Guangzhou Sanjing Electric Co Ltd | Shenzhen GivEnergy Co Ltd,1
Sharp Solar Solution Asia Co Ltd | Sungrow Power Supply Co Ltd | nan,1
Trina Solar Co Ltd | Redback Operations Pty Ltd | Pylon Technologies Co Ltd,1
Hanwha Q CELLS GmbH | Hanwha Solutions Corporation | nan,1
Wuxi Suntech Power Co Ltd | FOXESS CO LTD | FOXESS Co Ltd,1
Risen Energy Co Ltd | SMA Australia Pty Ltd | Tesla Inc,1
Jolywood (Taizhou) Solar Technology Co Ltd | Enphase Energy Australia Pty. Ltd. | nan,1
CSI Solar Co Ltd | Sungrow Power Supply Co Ltd | SONNEN AUSTRALIA PTY LIMITED,1
Tongwei Co Ltd | AISWEI Technology (Shanghai) Co Ltd | nan,1
Wuxi Suntech Power Co Ltd | Sungrow Power Supply Co Ltd | Sungrow,1
Maxeon Solar Technologies Ltd | iStore (QLD) Pty Ltd | Huawei Technologies Co Ltd,1
Wuxi Suntech Power Co Ltd | Alpha ESS Co Ltd | Alpha ESS Co Ltd,1
CSI Solar Co Ltd | ESY Sunhome Co Ltd | nan,1
